﻿StichtagDatJahr;SexLang;HerkunftLang;AnzSterWir
1971;männlich;Ausländer*in;179
1971;männlich;Schweizer*in;2045
1971;weiblich;Ausländer*in;161
1971;weiblich;Schweizer*in;2055
1972;männlich;Ausländer*in;165
1972;männlich;Schweizer*in;2000
1972;weiblich;Ausländer*in;136
1972;weiblich;Schweizer*in;1949
1973;männlich;Ausländer*in;154
1973;männlich;Schweizer*in;2019
1973;weiblich;Ausländer*in;150
1973;weiblich;Schweizer*in;2042
1974;männlich;Ausländer*in;192
1974;männlich;Schweizer*in;1986
1974;weiblich;Ausländer*in;142
1974;weiblich;Schweizer*in;1938
1975;männlich;Ausländer*in;142
1975;männlich;Schweizer*in;1975
1975;weiblich;Ausländer*in;145
1975;weiblich;Schweizer*in;1920
1976;männlich;Ausländer*in;199
1976;männlich;Schweizer*in;2037
1976;weiblich;Ausländer*in;132
1976;weiblich;Schweizer*in;1993
1977;männlich;Ausländer*in;170
1977;männlich;Schweizer*in;1974
1977;weiblich;Ausländer*in;127
1977;weiblich;Schweizer*in;1874
1978;männlich;Ausländer*in;162
1978;männlich;Schweizer*in;2114
1978;weiblich;Ausländer*in;146
1978;weiblich;Schweizer*in;1922
1979;männlich;Ausländer*in;152
1979;männlich;Schweizer*in;2010
1979;weiblich;Ausländer*in;126
1979;weiblich;Schweizer*in;1951
1980;männlich;Ausländer*in;166
1980;männlich;Schweizer*in;2104
1980;weiblich;Ausländer*in;138
1980;weiblich;Schweizer*in;2074
1981;männlich;Ausländer*in;166
1981;männlich;Schweizer*in;2037
1981;weiblich;Ausländer*in;136
1981;weiblich;Schweizer*in;2141
1982;männlich;Ausländer*in;191
1982;männlich;Schweizer*in;2022
1982;weiblich;Ausländer*in;141
1982;weiblich;Schweizer*in;2099
1983;männlich;Ausländer*in;194
1983;männlich;Schweizer*in;2062
1983;weiblich;Ausländer*in;121
1983;weiblich;Schweizer*in;2163
1984;männlich;Ausländer*in;140
1984;männlich;Schweizer*in;1900
1984;weiblich;Ausländer*in;150
1984;weiblich;Schweizer*in;2138
1985;männlich;Ausländer*in;157
1985;männlich;Schweizer*in;2026
1985;weiblich;Ausländer*in;143
1985;weiblich;Schweizer*in;2122
1986;männlich;Ausländer*in;175
1986;männlich;Schweizer*in;2032
1986;weiblich;Ausländer*in;121
1986;weiblich;Schweizer*in;2161
1987;männlich;Ausländer*in;159
1987;männlich;Schweizer*in;1871
1987;weiblich;Ausländer*in;111
1987;weiblich;Schweizer*in;2140
1988;männlich;Ausländer*in;197
1988;männlich;Schweizer*in;1852
1988;weiblich;Ausländer*in;114
1988;weiblich;Schweizer*in;2078
1989;männlich;Ausländer*in;175
1989;männlich;Schweizer*in;1852
1989;weiblich;Ausländer*in;131
1989;weiblich;Schweizer*in;2070
1990;männlich;Ausländer*in;190
1990;männlich;Schweizer*in;1883
1990;weiblich;Ausländer*in;121
1990;weiblich;Schweizer*in;2136
1991;männlich;Ausländer*in;214
1991;männlich;Schweizer*in;1910
1991;weiblich;Ausländer*in;123
1991;weiblich;Schweizer*in;2001
1992;männlich;Ausländer*in;192
1992;männlich;Schweizer*in;1803
1992;weiblich;Ausländer*in;115
1992;weiblich;Schweizer*in;2038
1993;männlich;Ausländer*in;172
1993;männlich;Schweizer*in;1727
1993;weiblich;Ausländer*in;121
1993;weiblich;Schweizer*in;2028
1994;männlich;Ausländer*in;213
1994;männlich;Schweizer*in;1747
1994;weiblich;Ausländer*in;127
1994;weiblich;Schweizer*in;2100
1995;männlich;Ausländer*in;226
1995;männlich;Schweizer*in;1687
1995;weiblich;Ausländer*in;145
1995;weiblich;Schweizer*in;2110
1996;männlich;Ausländer*in;219
1996;männlich;Schweizer*in;1675
1996;weiblich;Ausländer*in;142
1996;weiblich;Schweizer*in;2069
1997;männlich;Ausländer*in;193
1997;männlich;Schweizer*in;1698
1997;weiblich;Ausländer*in;140
1997;weiblich;Schweizer*in;2015
1998;männlich;Ausländer*in;199
1998;männlich;Schweizer*in;1630
1998;weiblich;Ausländer*in;121
1998;weiblich;Schweizer*in;2022
1999;männlich;Ausländer*in;200
1999;männlich;Schweizer*in;1567
1999;weiblich;Ausländer*in;116
1999;weiblich;Schweizer*in;2065
2000;männlich;Ausländer*in;186
2000;männlich;Schweizer*in;1604
2000;weiblich;Ausländer*in;146
2000;weiblich;Schweizer*in;2060
2001;männlich;Ausländer*in;197
2001;männlich;Schweizer*in;1532
2001;weiblich;Ausländer*in;143
2001;weiblich;Schweizer*in;2071
2002;männlich;Ausländer*in;190
2002;männlich;Schweizer*in;1412
2002;weiblich;Ausländer*in;140
2002;weiblich;Schweizer*in;1984
2003;männlich;Ausländer*in;203
2003;männlich;Schweizer*in;1499
2003;weiblich;Ausländer*in;149
2003;weiblich;Schweizer*in;1958
2004;männlich;Ausländer*in;198
2004;männlich;Schweizer*in;1355
2004;weiblich;Ausländer*in;125
2004;weiblich;Schweizer*in;1890
2005;männlich;Ausländer*in;198
2005;männlich;Schweizer*in;1412
2005;weiblich;Ausländer*in;145
2005;weiblich;Schweizer*in;1849
2006;männlich;Ausländer*in;210
2006;männlich;Schweizer*in;1323
2006;weiblich;Ausländer*in;124
2006;weiblich;Schweizer*in;1781
2007;männlich;Ausländer*in;173
2007;männlich;Schweizer*in;1313
2007;weiblich;Ausländer*in;135
2007;weiblich;Schweizer*in;1859
2008;männlich;Ausländer*in;179
2008;männlich;Schweizer*in;1354
2008;weiblich;Ausländer*in;126
2008;weiblich;Schweizer*in;1789
2009;männlich;Ausländer*in;207
2009;männlich;Schweizer*in;1252
2009;weiblich;Ausländer*in;153
2009;weiblich;Schweizer*in;1805
2010;männlich;Ausländer*in;198
2010;männlich;Schweizer*in;1338
2010;weiblich;Ausländer*in;166
2010;weiblich;Schweizer*in;1693
2011;männlich;Ausländer*in;197
2011;männlich;Schweizer*in;1245
2011;weiblich;Ausländer*in;147
2011;weiblich;Schweizer*in;1701
2012;männlich;Ausländer*in;223
2012;männlich;Schweizer*in;1226
2012;weiblich;Ausländer*in;148
2012;weiblich;Schweizer*in;1733
2013;männlich;Ausländer*in;219
2013;männlich;Schweizer*in;1262
2013;weiblich;Ausländer*in;158
2013;weiblich;Schweizer*in;1826
2014;männlich;Ausländer*in;238
2014;männlich;Schweizer*in;1229
2014;weiblich;Ausländer*in;150
2014;weiblich;Schweizer*in;1717
2015;männlich;Ausländer*in;210
2015;männlich;Schweizer*in;1313
2015;weiblich;Ausländer*in;166
2015;weiblich;Schweizer*in;1711
2016;männlich;Ausländer*in;240
2016;männlich;Schweizer*in;1209
2016;weiblich;Ausländer*in;158
2016;weiblich;Schweizer*in;1571
2017;männlich;Ausländer*in;244
2017;männlich;Schweizer*in;1266
2017;weiblich;Ausländer*in;159
2017;weiblich;Schweizer*in;1610
2018;männlich;Ausländer*in;234
2018;männlich;Schweizer*in;1194
2018;weiblich;Ausländer*in;179
2018;weiblich;Schweizer*in;1628
2019;männlich;Ausländer*in;234
2019;männlich;Schweizer*in;1154
2019;weiblich;Ausländer*in;148
2019;weiblich;Schweizer*in;1608
2020;männlich;Ausländer*in;265
2020;männlich;Schweizer*in;1268
2020;weiblich;Ausländer*in;208
2020;weiblich;Schweizer*in;1736
2021;männlich;Ausländer*in;269
2021;männlich;Schweizer*in;1216
2021;weiblich;Ausländer*in;220
2021;weiblich;Schweizer*in;1505
2022;männlich;Ausländer*in;280
2022;männlich;Schweizer*in;1200
2022;weiblich;Ausländer*in;206
2022;weiblich;Schweizer*in;1664
2023;männlich;Ausländer*in;225
2023;männlich;Schweizer*in;1139
2023;weiblich;Ausländer*in;176
2023;weiblich;Schweizer*in;1566
2024;männlich;Ausländer*in;258
2024;männlich;Schweizer*in;1146
2024;weiblich;Ausländer*in;185
2024;weiblich;Schweizer*in;1474
