ZEIT_LANG,ZEIT_CODE,RAUM_LANG,RAUM_CODE,RAUM_SORT,DATENSTATUS,FER
1971-12-31,ZPJ001971,Stadt Zürich (ab 1934),R30000,10120000001,Definitiv,36.3
1943-12-31,ZPJ001943,Stadt Zürich (ab 1934),R30000,10120000001,Definitiv,50.5
1945-12-31,ZPJ001945,Stadt Zürich (ab 1934),R30000,10120000001,Definitiv,54.6
1988-12-31,ZPJ001988,Stadt Zürich (ab 1934),R30000,10120000001,Definitiv,33.2
1947-12-31,ZPJ001947,Stadt Zürich (ab 1934),R30000,10120000001,Definitiv,50.1
1994-12-31,ZPJ001994,Stadt Zürich (ab 1934),R30000,10120000001,Definitiv,38.2
1981-12-31,ZPJ001981,Stadt Zürich (ab 1934),R30000,10120000001,Definitiv,32.3
1972-12-31,ZPJ001972,Stadt Zürich (ab 1934),R30000,10120000001,Definitiv,35.1
1995-12-31,ZPJ001995,Stadt Zürich (ab 1934),R30000,10120000001,Definitiv,37.4
1959-12-31,ZPJ001959,Stadt Zürich (ab 1934),R30000,10120000001,Definitiv,51.9
1961-12-31,ZPJ001961,Stadt Zürich (ab 1934),R30000,10120000001,Definitiv,52.4
1980-12-31,ZPJ001980,Stadt Zürich (ab 1934),R30000,10120000001,Definitiv,31.7
1993-12-31,ZPJ001993,Stadt Zürich (ab 1934),R30000,10120000001,Definitiv,37.2
1949-12-31,ZPJ001949,Stadt Zürich (ab 1934),R30000,10120000001,Definitiv,46.0
1996-12-31,ZPJ001996,Stadt Zürich (ab 1934),R30000,10120000001,Definitiv,37.6
1960-12-31,ZPJ001960,Stadt Zürich (ab 1934),R30000,10120000001,Definitiv,51.5
1939-12-31,ZPJ001939,Stadt Zürich (ab 1934),R30000,10120000001,Definitiv,34.5
1954-12-31,ZPJ001954,Stadt Zürich (ab 1934),R30000,10120000001,Definitiv,48.3
1953-12-31,ZPJ001953,Stadt Zürich (ab 1934),R30000,10120000001,Definitiv,48.1
1998-12-31,ZPJ001998,Stadt Zürich (ab 1934),R30000,10120000001,Definitiv,37.6
2009-12-31,ZPJ002009,Stadt Zürich (ab 1934),R30000,10120000001,Definitiv,44.9
1930-12-31,ZPJ001930,Stadt Zürich (ab 1934),R30000,10120000001,Definitiv,39.5
2005-12-31,ZPJ002005,Stadt Zürich (ab 1934),R30000,10120000001,Definitiv,40.2
2021-12-31,ZPJ002021,Stadt Zürich (ab 1934),R30000,10120000001,Definitiv,44.5
2003-12-31,ZPJ002003,Stadt Zürich (ab 1934),R30000,10120000001,Definitiv,37.8
1969-12-31,ZPJ001969,Stadt Zürich (ab 1934),R30000,10120000001,Definitiv,38.7
2019-12-31,ZPJ002019,Stadt Zürich (ab 1934),R30000,10120000001,Definitiv,43.6
2015-12-31,ZPJ002015,Stadt Zürich (ab 1934),R30000,10120000001,Definitiv,46.7
2022-12-31,ZPJ002022,Stadt Zürich (ab 1934),R30000,10120000001,Definitiv,37.6
1984-12-31,ZPJ001984,Stadt Zürich (ab 1934),R30000,10120000001,Definitiv,32.4
2004-12-31,ZPJ002004,Stadt Zürich (ab 1934),R30000,10120000001,Definitiv,39.4
1937-12-31,ZPJ001937,Stadt Zürich (ab 1934),R30000,10120000001,Definitiv,35.2
1942-12-31,ZPJ001942,Stadt Zürich (ab 1934),R30000,10120000001,Definitiv,48.2
1966-12-31,ZPJ001966,Stadt Zürich (ab 1934),R30000,10120000001,Definitiv,46.6
1900-12-31,ZPJ001900,Stadt Zürich (ab 1934),R30000,10120000001,Definitiv,103.7
1938-12-31,ZPJ001938,Stadt Zürich (ab 1934),R30000,10120000001,Definitiv,35.4
1985-12-31,ZPJ001985,Stadt Zürich (ab 1934),R30000,10120000001,Definitiv,32.4
1934-12-31,ZPJ001934,Stadt Zürich (ab 1934),R30000,10120000001,Definitiv,39.0
1962-12-31,ZPJ001962,Stadt Zürich (ab 1934),R30000,10120000001,Definitiv,51.7
1986-12-31,ZPJ001986,Stadt Zürich (ab 1934),R30000,10120000001,Definitiv,32.6
1970-12-31,ZPJ001970,Stadt Zürich (ab 1934),R30000,10120000001,Definitiv,37.7
1935-12-31,ZPJ001935,Stadt Zürich (ab 1934),R30000,10120000001,Definitiv,39.6
1956-12-31,ZPJ001956,Stadt Zürich (ab 1934),R30000,10120000001,Definitiv,49.6
1920-12-31,ZPJ001920,Stadt Zürich (ab 1934),R30000,10120000001,Definitiv,42.2
1965-12-31,ZPJ001965,Stadt Zürich (ab 1934),R30000,10120000001,Definitiv,49.7
1978-12-31,ZPJ001978,Stadt Zürich (ab 1934),R30000,10120000001,Definitiv,30.3
1975-12-31,ZPJ001975,Stadt Zürich (ab 1934),R30000,10120000001,Definitiv,30.5
2024-12-31,ZPJ002024,Stadt Zürich (ab 1934),R30000,10120000001,Definitiv,35.5
1958-12-31,ZPJ001958,Stadt Zürich (ab 1934),R30000,10120000001,Definitiv,51.4
2002-12-31,ZPJ002002,Stadt Zürich (ab 1934),R30000,10120000001,Definitiv,37.1
1992-12-31,ZPJ001992,Stadt Zürich (ab 1934),R30000,10120000001,Definitiv,37.1
2013-12-31,ZPJ002013,Stadt Zürich (ab 1934),R30000,10120000001,Definitiv,45.5
2000-12-31,ZPJ002000,Stadt Zürich (ab 1934),R30000,10120000001,Definitiv,38.1
2017-12-31,ZPJ002017,Stadt Zürich (ab 1934),R30000,10120000001,Definitiv,45.7
1976-12-31,ZPJ001976,Stadt Zürich (ab 1934),R30000,10120000001,Definitiv,29.7
1974-12-31,ZPJ001974,Stadt Zürich (ab 1934),R30000,10120000001,Definitiv,31.7
1948-12-31,ZPJ001948,Stadt Zürich (ab 1934),R30000,10120000001,Definitiv,46.9
1940-12-31,ZPJ001940,Stadt Zürich (ab 1934),R30000,10120000001,Definitiv,37.1
2023-12-31,ZPJ002023,Stadt Zürich (ab 1934),R30000,10120000001,Definitiv,36.7
1973-12-31,ZPJ001973,Stadt Zürich (ab 1934),R30000,10120000001,Definitiv,32.7
2018-12-31,ZPJ002018,Stadt Zürich (ab 1934),R30000,10120000001,Definitiv,44.9
1952-12-31,ZPJ001952,Stadt Zürich (ab 1934),R30000,10120000001,Definitiv,47.4
1950-12-31,ZPJ001950,Stadt Zürich (ab 1934),R30000,10120000001,Definitiv,46.8
2006-12-31,ZPJ002006,Stadt Zürich (ab 1934),R30000,10120000001,Definitiv,40.9
2007-12-31,ZPJ002007,Stadt Zürich (ab 1934),R30000,10120000001,Definitiv,40.7
1983-12-31,ZPJ001983,Stadt Zürich (ab 1934),R30000,10120000001,Definitiv,32.4
1979-12-31,ZPJ001979,Stadt Zürich (ab 1934),R30000,10120000001,Definitiv,30.5
1963-12-31,ZPJ001963,Stadt Zürich (ab 1934),R30000,10120000001,Definitiv,52.1
1957-12-31,ZPJ001957,Stadt Zürich (ab 1934),R30000,10120000001,Definitiv,50.4
1997-12-31,ZPJ001997,Stadt Zürich (ab 1934),R30000,10120000001,Definitiv,37.9
2010-12-31,ZPJ002010,Stadt Zürich (ab 1934),R30000,10120000001,Definitiv,44.1
2008-12-31,ZPJ002008,Stadt Zürich (ab 1934),R30000,10120000001,Definitiv,42.4
1982-12-31,ZPJ001982,Stadt Zürich (ab 1934),R30000,10120000001,Definitiv,33.0
2014-12-31,ZPJ002014,Stadt Zürich (ab 1934),R30000,10120000001,Definitiv,46.8
1967-12-31,ZPJ001967,Stadt Zürich (ab 1934),R30000,10120000001,Definitiv,45.4
1944-12-31,ZPJ001944,Stadt Zürich (ab 1934),R30000,10120000001,Definitiv,52.3
2012-12-31,ZPJ002012,Stadt Zürich (ab 1934),R30000,10120000001,Definitiv,43.9
1946-12-31,ZPJ001946,Stadt Zürich (ab 1934),R30000,10120000001,Definitiv,52.9
1894-12-31,ZPJ001894,Stadt Zürich (ab 1934),R30000,10120000001,Definitiv,98.2
1910-12-31,ZPJ001910,Stadt Zürich (ab 1934),R30000,10120000001,Definitiv,67.2
1964-12-31,ZPJ001964,Stadt Zürich (ab 1934),R30000,10120000001,Definitiv,50.4
2001-12-31,ZPJ002001,Stadt Zürich (ab 1934),R30000,10120000001,Definitiv,36.7
2020-12-31,ZPJ002020,Stadt Zürich (ab 1934),R30000,10120000001,Definitiv,43.6
1989-12-31,ZPJ001989,Stadt Zürich (ab 1934),R30000,10120000001,Definitiv,33.5
1955-12-31,ZPJ001955,Stadt Zürich (ab 1934),R30000,10120000001,Definitiv,50.1
1936-12-31,ZPJ001936,Stadt Zürich (ab 1934),R30000,10120000001,Definitiv,37.1
2011-12-31,ZPJ002011,Stadt Zürich (ab 1934),R30000,10120000001,Definitiv,45.1
1999-12-31,ZPJ001999,Stadt Zürich (ab 1934),R30000,10120000001,Definitiv,37.5
2016-12-31,ZPJ002016,Stadt Zürich (ab 1934),R30000,10120000001,Definitiv,46.0
1990-12-31,ZPJ001990,Stadt Zürich (ab 1934),R30000,10120000001,Definitiv,33.5
1941-12-31,ZPJ001941,Stadt Zürich (ab 1934),R30000,10120000001,Definitiv,45.0
1987-12-31,ZPJ001987,Stadt Zürich (ab 1934),R30000,10120000001,Definitiv,32.1
1991-12-31,ZPJ001991,Stadt Zürich (ab 1934),R30000,10120000001,Definitiv,36.3
1968-12-31,ZPJ001968,Stadt Zürich (ab 1934),R30000,10120000001,Definitiv,42.5
1977-12-31,ZPJ001977,Stadt Zürich (ab 1934),R30000,10120000001,Definitiv,30.0
1951-12-31,ZPJ001951,Stadt Zürich (ab 1934),R30000,10120000001,Definitiv,45.1
