ZEIT_LANG,ZEIT_CODE,RAUM_LANG,RAUM_CODE,RAUM_SORT,DATENSTATUS,ZGZ
2005-12-31,ZPJ002005,Stadt Zürich (ab 1934),R30000,10120000001,Definitiv,1.2
2004-12-31,ZPJ002004,Stadt Zürich (ab 1934),R30000,10120000001,Definitiv,1.2
2024-12-31,ZPJ002024,Stadt Zürich (ab 1934),R30000,10120000001,Definitiv,1.0
2015-12-31,ZPJ002015,Stadt Zürich (ab 1934),R30000,10120000001,Definitiv,1.3
2007-12-31,ZPJ002007,Stadt Zürich (ab 1934),R30000,10120000001,Definitiv,1.2
2006-12-31,ZPJ002006,Stadt Zürich (ab 1934),R30000,10120000001,Definitiv,1.2
2008-12-31,ZPJ002008,Stadt Zürich (ab 1934),R30000,10120000001,Definitiv,1.3
2016-12-31,ZPJ002016,Stadt Zürich (ab 1934),R30000,10120000001,Definitiv,1.3
2012-12-31,ZPJ002012,Stadt Zürich (ab 1934),R30000,10120000001,Definitiv,1.3
2013-12-31,ZPJ002013,Stadt Zürich (ab 1934),R30000,10120000001,Definitiv,1.3
2009-12-31,ZPJ002009,Stadt Zürich (ab 1934),R30000,10120000001,Definitiv,1.3
2021-12-31,ZPJ002021,Stadt Zürich (ab 1934),R30000,10120000001,Definitiv,1.2
2014-12-31,ZPJ002014,Stadt Zürich (ab 1934),R30000,10120000001,Definitiv,1.3
2017-12-31,ZPJ002017,Stadt Zürich (ab 1934),R30000,10120000001,Definitiv,1.3
2020-12-31,ZPJ002020,Stadt Zürich (ab 1934),R30000,10120000001,Definitiv,1.2
2023-12-31,ZPJ002023,Stadt Zürich (ab 1934),R30000,10120000001,Definitiv,1.0
2019-12-31,ZPJ002019,Stadt Zürich (ab 1934),R30000,10120000001,Definitiv,1.2
1999-12-31,ZPJ001999,Stadt Zürich (ab 1934),R30000,10120000001,Definitiv,1.2
2018-12-31,ZPJ002018,Stadt Zürich (ab 1934),R30000,10120000001,Definitiv,1.3
2022-12-31,ZPJ002022,Stadt Zürich (ab 1934),R30000,10120000001,Definitiv,1.1
2010-12-31,ZPJ002010,Stadt Zürich (ab 1934),R30000,10120000001,Definitiv,1.3
2002-12-31,ZPJ002002,Stadt Zürich (ab 1934),R30000,10120000001,Definitiv,1.1
1997-12-31,ZPJ001997,Stadt Zürich (ab 1934),R30000,10120000001,Definitiv,1.2
2003-12-31,ZPJ002003,Stadt Zürich (ab 1934),R30000,10120000001,Definitiv,1.2
1998-12-31,ZPJ001998,Stadt Zürich (ab 1934),R30000,10120000001,Definitiv,1.2
2001-12-31,ZPJ002001,Stadt Zürich (ab 1934),R30000,10120000001,Definitiv,1.1
1996-12-31,ZPJ001996,Stadt Zürich (ab 1934),R30000,10120000001,Definitiv,1.2
1995-12-31,ZPJ001995,Stadt Zürich (ab 1934),R30000,10120000001,Definitiv,1.1
2011-12-31,ZPJ002011,Stadt Zürich (ab 1934),R30000,10120000001,Definitiv,1.3
1993-12-31,ZPJ001993,Stadt Zürich (ab 1934),R30000,10120000001,Definitiv,1.1
1994-12-31,ZPJ001994,Stadt Zürich (ab 1934),R30000,10120000001,Definitiv,1.2
2000-12-31,ZPJ002000,Stadt Zürich (ab 1934),R30000,10120000001,Definitiv,1.2
