﻿StichtagDatJahr;SexLang;HerkunftLang;AnzGebuWir
1934;männlich;Ausländer*in;192
1934;männlich;Schweizer*in;1941
1934;weiblich;Ausländer*in;175
1934;weiblich;Schweizer*in;1842
1935;männlich;Ausländer*in;177
1935;männlich;Schweizer*in;1953
1935;weiblich;Ausländer*in;160
1935;weiblich;Schweizer*in;1932
1936;männlich;Ausländer*in;130
1936;männlich;Schweizer*in;1872
1936;weiblich;Ausländer*in;146
1936;weiblich;Schweizer*in;1801
1937;männlich;Ausländer*in;112
1937;männlich;Schweizer*in;1842
1937;weiblich;Ausländer*in;111
1937;weiblich;Schweizer*in;1671
1938;männlich;Ausländer*in;106
1938;männlich;Schweizer*in;1833
1938;weiblich;Ausländer*in;118
1938;weiblich;Schweizer*in;1779
1939;männlich;Ausländer*in;129
1939;männlich;Schweizer*in;1833
1939;weiblich;Ausländer*in;136
1939;weiblich;Schweizer*in;1710
1940;männlich;Ausländer*in;119
1940;männlich;Schweizer*in;1957
1940;weiblich;Ausländer*in;106
1940;weiblich;Schweizer*in;1887
1941;männlich;Ausländer*in;126
1941;männlich;Schweizer*in;2390
1941;weiblich;Ausländer*in;113
1941;weiblich;Schweizer*in;2297
1942;männlich;Ausländer*in;105
1942;männlich;Schweizer*in;2619
1942;weiblich;Ausländer*in;119
1942;weiblich;Schweizer*in;2430
1943;männlich;Ausländer*in;103
1943;männlich;Schweizer*in;2771
1943;weiblich;Ausländer*in;95
1943;weiblich;Schweizer*in;2578
1944;männlich;Ausländer*in;116
1944;männlich;Schweizer*in;2828
1944;weiblich;Ausländer*in;108
1944;weiblich;Schweizer*in;2717
1945;männlich;Ausländer*in;124
1945;männlich;Schweizer*in;3008
1945;weiblich;Ausländer*in;112
1945;weiblich;Schweizer*in;2795
1946;männlich;Ausländer*in;121
1946;männlich;Schweizer*in;2976
1946;weiblich;Ausländer*in;116
1946;weiblich;Schweizer*in;2724
1947;männlich;Ausländer*in;144
1947;männlich;Schweizer*in;2844
1947;weiblich;Ausländer*in;142
1947;weiblich;Schweizer*in;2608
1948;männlich;Ausländer*in;165
1948;männlich;Schweizer*in;2627
1948;weiblich;Ausländer*in;147
1948;weiblich;Schweizer*in;2484
1949;männlich;Ausländer*in;155
1949;männlich;Schweizer*in;2582
1949;weiblich;Ausländer*in;142
1949;weiblich;Schweizer*in;2443
1950;männlich;Ausländer*in;153
1950;männlich;Schweizer*in;2619
1950;weiblich;Ausländer*in;154
1950;weiblich;Schweizer*in;2506
1951;männlich;Ausländer*in;148
1951;männlich;Schweizer*in;2582
1951;weiblich;Ausländer*in;165
1951;weiblich;Schweizer*in;2387
1952;männlich;Ausländer*in;196
1952;männlich;Schweizer*in;2695
1952;weiblich;Ausländer*in;183
1952;weiblich;Schweizer*in;2526
1953;männlich;Ausländer*in;234
1953;männlich;Schweizer*in;2674
1953;weiblich;Ausländer*in;225
1953;weiblich;Schweizer*in;2565
1954;männlich;Ausländer*in;249
1954;männlich;Schweizer*in;2675
1954;weiblich;Ausländer*in;238
1954;weiblich;Schweizer*in;2545
1955;männlich;Ausländer*in;287
1955;männlich;Schweizer*in;2739
1955;weiblich;Ausländer*in;256
1955;weiblich;Schweizer*in;2617
1956;männlich;Ausländer*in;325
1956;männlich;Schweizer*in;2660
1956;weiblich;Ausländer*in;314
1956;weiblich;Schweizer*in;2519
1957;männlich;Ausländer*in;371
1957;männlich;Schweizer*in;2718
1957;weiblich;Ausländer*in;382
1957;weiblich;Schweizer*in;2470
1958;männlich;Ausländer*in;483
1958;männlich;Schweizer*in;2651
1958;weiblich;Ausländer*in;456
1958;weiblich;Schweizer*in;2483
1959;männlich;Ausländer*in;559
1959;männlich;Schweizer*in;2608
1959;weiblich;Ausländer*in;497
1959;weiblich;Schweizer*in;2468
1960;männlich;Ausländer*in;618
1960;männlich;Schweizer*in;2476
1960;weiblich;Ausländer*in;550
1960;weiblich;Schweizer*in;2440
1961;männlich;Ausländer*in;691
1961;männlich;Schweizer*in;2502
1961;weiblich;Ausländer*in;628
1961;weiblich;Schweizer*in;2326
1962;männlich;Ausländer*in;777
1962;männlich;Schweizer*in;2326
1962;weiblich;Ausländer*in;706
1962;weiblich;Schweizer*in;2225
1963;männlich;Ausländer*in;839
1963;männlich;Schweizer*in;2268
1963;weiblich;Ausländer*in;798
1963;weiblich;Schweizer*in;2097
1964;männlich;Ausländer*in;880
1964;männlich;Schweizer*in;2072
1964;weiblich;Ausländer*in;819
1964;weiblich;Schweizer*in;1975
1965;männlich;Ausländer*in;919
1965;männlich;Schweizer*in;1965
1965;weiblich;Ausländer*in;910
1965;weiblich;Schweizer*in;1788
1966;männlich;Ausländer*in;890
1966;männlich;Schweizer*in;1831
1966;weiblich;Ausländer*in;826
1966;weiblich;Schweizer*in;1701
1967;männlich;Ausländer*in;885
1967;männlich;Schweizer*in;1688
1967;weiblich;Ausländer*in;891
1967;weiblich;Schweizer*in;1629
1968;männlich;Ausländer*in;842
1968;männlich;Schweizer*in;1570
1968;weiblich;Ausländer*in;828
1968;weiblich;Schweizer*in;1537
1969;männlich;Ausländer*in;842
1969;männlich;Schweizer*in;1367
1969;weiblich;Ausländer*in;832
1969;weiblich;Schweizer*in;1302
1970;männlich;Ausländer*in;789
1970;männlich;Schweizer*in;1353
1970;weiblich;Ausländer*in;784
1970;weiblich;Schweizer*in;1224
1971;männlich;Ausländer*in;861
1971;männlich;Schweizer*in;1159
1971;weiblich;Ausländer*in;796
1971;weiblich;Schweizer*in;1058
1972;männlich;Ausländer*in;818
1972;männlich;Schweizer*in;1037
1972;weiblich;Ausländer*in;840
1972;weiblich;Schweizer*in;992
1973;männlich;Ausländer*in;811
1973;männlich;Schweizer*in;921
1973;weiblich;Ausländer*in;737
1973;weiblich;Schweizer*in;896
1974;männlich;Ausländer*in;757
1974;männlich;Schweizer*in;857
1974;weiblich;Ausländer*in;753
1974;weiblich;Schweizer*in;853
1975;männlich;Ausländer*in;772
1975;männlich;Schweizer*in;848
1975;weiblich;Ausländer*in;652
1975;weiblich;Schweizer*in;756
1976;männlich;Ausländer*in;631
1976;männlich;Schweizer*in;801
1976;weiblich;Ausländer*in;630
1976;weiblich;Schweizer*in;818
1977;männlich;Ausländer*in;608
1977;männlich;Schweizer*in;857
1977;weiblich;Ausländer*in;601
1977;weiblich;Schweizer*in;805
1978;männlich;Ausländer*in;492
1978;männlich;Schweizer*in;999
1978;weiblich;Ausländer*in;461
1978;weiblich;Schweizer*in;930
1979;männlich;Ausländer*in;455
1979;männlich;Schweizer*in;1018
1979;weiblich;Ausländer*in;452
1979;weiblich;Schweizer*in;968
1980;männlich;Ausländer*in;503
1980;männlich;Schweizer*in;1037
1980;weiblich;Ausländer*in;434
1980;weiblich;Schweizer*in;979
1981;männlich;Ausländer*in;506
1981;männlich;Schweizer*in;1066
1981;weiblich;Ausländer*in;473
1981;weiblich;Schweizer*in;944
1982;männlich;Ausländer*in;485
1982;männlich;Schweizer*in;1044
1982;weiblich;Ausländer*in;509
1982;weiblich;Schweizer*in;1038
1983;männlich;Ausländer*in;457
1983;männlich;Schweizer*in;1105
1983;weiblich;Ausländer*in;376
1983;weiblich;Schweizer*in;1056
1984;männlich;Ausländer*in;406
1984;männlich;Schweizer*in;1092
1984;weiblich;Ausländer*in;431
1984;weiblich;Schweizer*in;1055
1985;männlich;Ausländer*in;416
1985;männlich;Schweizer*in;1032
1985;weiblich;Ausländer*in;427
1985;weiblich;Schweizer*in;1078
1986;männlich;Ausländer*in;407
1986;männlich;Schweizer*in;1116
1986;weiblich;Ausländer*in;408
1986;weiblich;Schweizer*in;1055
1987;männlich;Ausländer*in;444
1987;männlich;Schweizer*in;1076
1987;weiblich;Ausländer*in;391
1987;weiblich;Schweizer*in;1031
1988;männlich;Ausländer*in;445
1988;männlich;Schweizer*in;1123
1988;weiblich;Ausländer*in;427
1988;weiblich;Schweizer*in;1041
1989;männlich;Ausländer*in;434
1989;männlich;Schweizer*in;1128
1989;weiblich;Ausländer*in;441
1989;weiblich;Schweizer*in;1041
1990;männlich;Ausländer*in;456
1990;männlich;Schweizer*in;1145
1990;weiblich;Ausländer*in;461
1990;weiblich;Schweizer*in;984
1991;männlich;Ausländer*in;549
1991;männlich;Schweizer*in;1158
1991;weiblich;Ausländer*in;544
1991;weiblich;Schweizer*in;1091
1992;männlich;Ausländer*in;606
1992;männlich;Schweizer*in;1155
1992;weiblich;Ausländer*in;570
1992;weiblich;Schweizer*in;1075
1993;männlich;Ausländer*in;659
1993;männlich;Schweizer*in;1050
1993;weiblich;Ausländer*in;654
1993;weiblich;Schweizer*in;1037
1994;männlich;Ausländer*in;692
1994;männlich;Schweizer*in;1074
1994;weiblich;Ausländer*in;702
1994;weiblich;Schweizer*in;1015
1995;männlich;Ausländer*in;748
1995;männlich;Schweizer*in;1019
1995;weiblich;Ausländer*in;693
1995;weiblich;Schweizer*in;959
1996;männlich;Ausländer*in;763
1996;männlich;Schweizer*in;1045
1996;weiblich;Ausländer*in;707
1996;weiblich;Schweizer*in;915
1997;männlich;Ausländer*in;798
1997;männlich;Schweizer*in;1040
1997;weiblich;Ausländer*in;718
1997;weiblich;Schweizer*in;903
1998;männlich;Ausländer*in;796
1998;männlich;Schweizer*in;963
1998;weiblich;Ausländer*in;785
1998;weiblich;Schweizer*in;911
1999;männlich;Ausländer*in;794
1999;männlich;Schweizer*in;1040
1999;weiblich;Ausländer*in;751
1999;weiblich;Schweizer*in;904
2000;männlich;Ausländer*in;818
2000;männlich;Schweizer*in;1078
2000;weiblich;Ausländer*in;732
2000;weiblich;Schweizer*in;949
2001;männlich;Ausländer*in;691
2001;männlich;Schweizer*in;1045
2001;weiblich;Ausländer*in;719
2001;weiblich;Schweizer*in;1017
2002;männlich;Ausländer*in;758
2002;männlich;Schweizer*in;1057
2002;weiblich;Ausländer*in;723
2002;weiblich;Schweizer*in;1015
2003;männlich;Ausländer*in;724
2003;männlich;Schweizer*in;1174
2003;weiblich;Ausländer*in;683
2003;weiblich;Schweizer*in;1048
2004;männlich;Ausländer*in;713
2004;männlich;Schweizer*in;1219
2004;weiblich;Ausländer*in;708
2004;weiblich;Schweizer*in;1151
2005;männlich;Ausländer*in;709
2005;männlich;Schweizer*in;1296
2005;weiblich;Ausländer*in;687
2005;weiblich;Schweizer*in;1203
2006;männlich;Ausländer*in;710
2006;männlich;Schweizer*in;1344
2006;weiblich;Ausländer*in;682
2006;weiblich;Schweizer*in;1293
2007;männlich;Ausländer*in;655
2007;männlich;Schweizer*in;1456
2007;weiblich;Ausländer*in;674
2007;weiblich;Schweizer*in;1334
2008;männlich;Ausländer*in;708
2008;männlich;Schweizer*in;1540
2008;weiblich;Ausländer*in;672
2008;weiblich;Schweizer*in;1429
2009;männlich;Ausländer*in;759
2009;männlich;Schweizer*in;1636
2009;weiblich;Ausländer*in;708
2009;weiblich;Schweizer*in;1536
2010;männlich;Ausländer*in;738
2010;männlich;Schweizer*in;1610
2010;weiblich;Ausländer*in;705
2010;weiblich;Schweizer*in;1535
2011;männlich;Ausländer*in;764
2011;männlich;Schweizer*in;1733
2011;weiblich;Ausländer*in;687
2011;weiblich;Schweizer*in;1576
2012;männlich;Ausländer*in;809
2012;männlich;Schweizer*in;1614
2012;weiblich;Ausländer*in;730
2012;weiblich;Schweizer*in;1525
2013;männlich;Ausländer*in;813
2013;männlich;Schweizer*in;1673
2013;weiblich;Ausländer*in;812
2013;weiblich;Schweizer*in;1622
2014;männlich;Ausländer*in;885
2014;männlich;Schweizer*in;1711
2014;weiblich;Ausländer*in;867
2014;weiblich;Schweizer*in;1682
2015;männlich;Ausländer*in;926
2015;männlich;Schweizer*in;1787
2015;weiblich;Ausländer*in;847
2015;weiblich;Schweizer*in;1631
2016;männlich;Ausländer*in;857
2016;männlich;Schweizer*in;1857
2016;weiblich;Ausländer*in;831
2016;weiblich;Schweizer*in;1631
2017;männlich;Ausländer*in;943
2017;männlich;Schweizer*in;1754
2017;weiblich;Ausländer*in;890
2017;weiblich;Schweizer*in;1653
2018;männlich;Ausländer*in;913
2018;männlich;Schweizer*in;1773
2018;weiblich;Ausländer*in;909
2018;weiblich;Schweizer*in;1617
2019;männlich;Ausländer*in;900
2019;männlich;Schweizer*in;1690
2019;weiblich;Ausländer*in;861
2019;weiblich;Schweizer*in;1683
2020;männlich;Ausländer*in;848
2020;männlich;Schweizer*in;1820
2020;weiblich;Ausländer*in;835
2020;weiblich;Schweizer*in;1630
2021;männlich;Ausländer*in;879
2021;männlich;Schweizer*in;1796
2021;weiblich;Ausländer*in;787
2021;weiblich;Schweizer*in;1799
2022;männlich;Ausländer*in;756
2022;männlich;Schweizer*in;1578
2022;weiblich;Ausländer*in;765
2022;weiblich;Schweizer*in;1439
2023;männlich;Ausländer*in;807
2023;männlich;Schweizer*in;1466
2023;weiblich;Ausländer*in;757
2023;weiblich;Schweizer*in;1445
2024;männlich;Ausländer*in;780
2024;männlich;Schweizer*in;1473
2024;weiblich;Ausländer*in;735
2024;weiblich;Schweizer*in;1357
