﻿StichtagDatJahr;HerkunftMutterLang;AlterVMutterKlasseLang;AnzGebuWir;Frauen15bis49;Fertilitaetsrate
2024;Schweizerinnen;15 bis 24;80;15772;5.1
2024;Schweizerinnen;25 bis 29;215;12116;17.7
2024;Schweizerinnen;30 bis 34;797;12412;64.2
2024;Schweizerinnen;35 bis 39;905;11381;79.5
2024;Schweizerinnen;40 bis 49;225;21488;10.5
2024;Ausländerinnen;15 bis 24;91;6003;15.2
2024;Ausländerinnen;25 bis 29;258;9248;27.9
2024;Ausländerinnen;30 bis 34;797;11457;69.6
2024;Ausländerinnen;35 bis 39;769;9976;77.1
2024;Ausländerinnen;40 bis 49;208;12468;16.7
2023;Schweizerinnen;15 bis 24;76;15580;4.9
2023;Schweizerinnen;25 bis 29;226;12411;18.2
2023;Schweizerinnen;30 bis 34;951;12646;75.2
2023;Schweizerinnen;35 bis 39;804;11326;71
2023;Schweizerinnen;40 bis 49;215;21111;10.2
2023;Ausländerinnen;15 bis 24;84;5770;14.6
2023;Ausländerinnen;25 bis 29;256;9305;27.5
2023;Ausländerinnen;30 bis 34;826;11477;72
2023;Ausländerinnen;35 bis 39;810;9806;82.6
2023;Ausländerinnen;40 bis 49;227;12378;18.3
2022;Schweizerinnen;15 bis 24;53;15531;3.4
2022;Schweizerinnen;25 bis 29;257;12484;20.6
2022;Schweizerinnen;30 bis 34;922;12778;72.2
2022;Schweizerinnen;35 bis 39;875;11195;78.2
2022;Schweizerinnen;40 bis 49;244;20940;11.7
2022;Ausländerinnen;15 bis 24;86;5667;15.2
2022;Ausländerinnen;25 bis 29;265;8926;29.7
2022;Ausländerinnen;30 bis 34;896;11506;77.9
2022;Ausländerinnen;35 bis 39;731;9541;76.6
2022;Ausländerinnen;40 bis 49;209;12039;17.4
2021;Schweizerinnen;15 bis 24;90;15467;5.8
2021;Schweizerinnen;25 bis 29;308;12821;24
2021;Schweizerinnen;30 bis 34;1165;12821;90.9
2021;Schweizerinnen;35 bis 39;1021;11268;90.6
2021;Schweizerinnen;40 bis 49;249;20663;12.1
2021;Ausländerinnen;15 bis 24;87;5213;16.7
2021;Ausländerinnen;25 bis 29;333;8331;40
2021;Ausländerinnen;30 bis 34;960;11108;86.4
2021;Ausländerinnen;35 bis 39;836;9214;90.7
2021;Ausländerinnen;40 bis 49;212;11298;18.8
2020;Schweizerinnen;15 bis 24;77;15211;5.1
2020;Schweizerinnen;25 bis 29;337;13088;25.7
2020;Schweizerinnen;30 bis 34;1113;12960;85.9
2020;Schweizerinnen;35 bis 39;950;11223;84.6
2020;Schweizerinnen;40 bis 49;230;20365;11.3
2020;Ausländerinnen;15 bis 24;102;4888;20.9
2020;Ausländerinnen;25 bis 29;337;8315;40.5
2020;Ausländerinnen;30 bis 34;963;11237;85.7
2020;Ausländerinnen;35 bis 39;806;9272;86.9
2020;Ausländerinnen;40 bis 49;218;11165;19.5
2019;Schweizerinnen;15 bis 24;79;15206;5.2
2019;Schweizerinnen;25 bis 29;341;13214;25.8
2019;Schweizerinnen;30 bis 34;1057;12979;81.4
2019;Schweizerinnen;35 bis 39;949;11225;84.5
2019;Schweizerinnen;40 bis 49;240;19961;12
2019;Ausländerinnen;15 bis 24;124;5001;24.8
2019;Ausländerinnen;25 bis 29;383;8651;44.3
2019;Ausländerinnen;30 bis 34;986;11312;87.2
2019;Ausländerinnen;35 bis 39;775;9355;82.8
2019;Ausländerinnen;40 bis 49;200;10825;18.5
2018;Schweizerinnen;15 bis 24;92;14907;6.2
2018;Schweizerinnen;25 bis 29;346;13181;26.2
2018;Schweizerinnen;30 bis 34;1037;12647;82
2018;Schweizerinnen;35 bis 39;946;11159;84.8
2018;Schweizerinnen;40 bis 49;223;19536;11.4
2018;Ausländerinnen;15 bis 24;145;4933;29.4
2018;Ausländerinnen;25 bis 29;424;8726;48.6
2018;Ausländerinnen;30 bis 34;960;11130;86.3
2018;Ausländerinnen;35 bis 39;837;9135;91.6
2018;Ausländerinnen;40 bis 49;202;10675;18.9
2017;Schweizerinnen;15 bis 24;98;14813;6.6
2017;Schweizerinnen;25 bis 29;377;13091;28.8
2017;Schweizerinnen;30 bis 34;1012;12248;82.6
2017;Schweizerinnen;35 bis 39;908;11020;82.4
2017;Schweizerinnen;40 bis 49;208;19144;10.9
2017;Ausländerinnen;15 bis 24;154;4874;31.6
2017;Ausländerinnen;25 bis 29;438;8850;49.5
2017;Ausländerinnen;30 bis 34;976;10935;89.3
2017;Ausländerinnen;35 bis 39;861;9073;94.9
2017;Ausländerinnen;40 bis 49;208;10528;19.8
2016;Schweizerinnen;15 bis 24;97;14643;6.6
2016;Schweizerinnen;25 bis 29;400;12919;31
2016;Schweizerinnen;30 bis 34;1088;12097;89.9
2016;Schweizerinnen;35 bis 39;947;10810;87.6
2016;Schweizerinnen;40 bis 49;219;18795;11.7
2016;Ausländerinnen;15 bis 24;164;4805;34.1
2016;Ausländerinnen;25 bis 29;440;8940;49.2
2016;Ausländerinnen;30 bis 34;927;10520;88.1
2016;Ausländerinnen;35 bis 39;711;8713;81.6
2016;Ausländerinnen;40 bis 49;183;10278;17.8
2015;Schweizerinnen;15 bis 24;120;14758;8.1
2015;Schweizerinnen;25 bis 29;387;12710;30.4
2015;Schweizerinnen;30 bis 34;1055;11970;88.1
2015;Schweizerinnen;35 bis 39;963;10603;90.8
2015;Schweizerinnen;40 bis 49;196;18766;10.4
2015;Ausländerinnen;15 bis 24;186;4802;38.7
2015;Ausländerinnen;25 bis 29;465;8772;53
2015;Ausländerinnen;30 bis 34;950;10534;90.2
2015;Ausländerinnen;35 bis 39;723;8424;85.8
2015;Ausländerinnen;40 bis 49;146;9849;14.8
2014;Schweizerinnen;15 bis 24;147;14794;9.9
2014;Schweizerinnen;25 bis 29;373;12521;29.8
2014;Schweizerinnen;30 bis 34;1051;11923;88.1
2014;Schweizerinnen;35 bis 39;865;10299;84
2014;Schweizerinnen;40 bis 49;201;18602;10.8
2014;Ausländerinnen;15 bis 24;184;4901;37.5
2014;Ausländerinnen;25 bis 29;469;8646;54.2
2014;Ausländerinnen;30 bis 34;983;10417;94.4
2014;Ausländerinnen;35 bis 39;706;8103;87.1
2014;Ausländerinnen;40 bis 49;166;9669;17.2
2013;Schweizerinnen;15 bis 24;135;14756;9.1
2013;Schweizerinnen;25 bis 29;412;12151;33.9
2013;Schweizerinnen;30 bis 34;994;11817;84.1
2013;Schweizerinnen;35 bis 39;878;10024;87.6
2013;Schweizerinnen;40 bis 49;199;18678;10.7
2013;Ausländerinnen;15 bis 24;188;4838;38.9
2013;Ausländerinnen;25 bis 29;455;8481;53.6
2013;Ausländerinnen;30 bis 34;868;10107;85.9
2013;Ausländerinnen;35 bis 39;648;7822;82.8
2013;Ausländerinnen;40 bis 49;143;9438;15.2
2012;Schweizerinnen;15 bis 24;138;14815;9.3
2012;Schweizerinnen;25 bis 29;349;11815;29.5
2012;Schweizerinnen;30 bis 34;1001;11713;85.5
2012;Schweizerinnen;35 bis 39;792;9959;79.5
2012;Schweizerinnen;40 bis 49;191;18737;10.2
2012;Ausländerinnen;15 bis 24;205;4886;42
2012;Ausländerinnen;25 bis 29;443;8321;53.2
2012;Ausländerinnen;30 bis 34;869;9888;87.9
2012;Ausländerinnen;35 bis 39;566;7452;76
2012;Ausländerinnen;40 bis 49;124;9011;13.8
2011;Schweizerinnen;15 bis 24;162;14790;11
2011;Schweizerinnen;25 bis 29;393;11770;33.4
2011;Schweizerinnen;30 bis 34;1060;11601;91.4
2011;Schweizerinnen;35 bis 39;831;9722;85.5
2011;Schweizerinnen;40 bis 49;211;18807;11.2
2011;Ausländerinnen;15 bis 24;214;4961;43.1
2011;Ausländerinnen;25 bis 29;471;8332;56.5
2011;Ausländerinnen;30 bis 34;800;9613;83.2
2011;Ausländerinnen;35 bis 39;512;7073;72.4
2011;Ausländerinnen;40 bis 49;106;8811;12
2010;Schweizerinnen;15 bis 24;178;14761;12.1
2010;Schweizerinnen;25 bis 29;367;11785;31.1
2010;Schweizerinnen;30 bis 34;991;11479;86.3
2010;Schweizerinnen;35 bis 39;778;9669;80.5
2010;Schweizerinnen;40 bis 49;184;18889;9.7
2010;Ausländerinnen;15 bis 24;181;4872;37.2
2010;Ausländerinnen;25 bis 29;470;8265;56.9
2010;Ausländerinnen;30 bis 34;832;9213;90.3
2010;Ausländerinnen;35 bis 39;516;6674;77.3
2010;Ausländerinnen;40 bis 49;91;8521;10.7
2009;Schweizerinnen;15 bis 24;167;14675;11.4
2009;Schweizerinnen;25 bis 29;389;11833;32.9
2009;Schweizerinnen;30 bis 34;972;11178;87
2009;Schweizerinnen;35 bis 39;783;9529;82.2
2009;Schweizerinnen;40 bis 49;190;18855;10.1
2009;Ausländerinnen;15 bis 24;233;4934;47.2
2009;Ausländerinnen;25 bis 29;516;8332;61.9
2009;Ausländerinnen;30 bis 34;782;8951;87.4
2009;Ausländerinnen;35 bis 39;499;6494;76.8
2009;Ausländerinnen;40 bis 49;108;8551;12.6
2008;Schweizerinnen;15 bis 24;160;14536;11
2008;Schweizerinnen;25 bis 29;379;11950;31.7
2008;Schweizerinnen;30 bis 34;897;10859;82.6
2008;Schweizerinnen;35 bis 39;716;9415;76
2008;Schweizerinnen;40 bis 49;190;18632;10.2
2008;Ausländerinnen;15 bis 24;240;5125;46.8
2008;Ausländerinnen;25 bis 29;485;8378;57.9
2008;Ausländerinnen;30 bis 34;721;8648;83.4
2008;Ausländerinnen;35 bis 39;463;6470;71.6
2008;Ausländerinnen;40 bis 49;98;8466;11.6
2007;Schweizerinnen;15 bis 24;163;14586;11.2
2007;Schweizerinnen;25 bis 29;352;11849;29.7
2007;Schweizerinnen;30 bis 34;814;10728;75.9
2007;Schweizerinnen;35 bis 39;671;9350;71.8
2007;Schweizerinnen;40 bis 49;182;18613;9.8
2007;Ausländerinnen;15 bis 24;260;5340;48.7
2007;Ausländerinnen;25 bis 29;490;8132;60.3
2007;Ausländerinnen;30 bis 34;689;8362;82.4
2007;Ausländerinnen;35 bis 39;421;6196;67.9
2007;Ausländerinnen;40 bis 49;77;8167;9.4
2006;Schweizerinnen;15 bis 24;171;14466;11.8
2006;Schweizerinnen;25 bis 29;375;11449;32.8
2006;Schweizerinnen;30 bis 34;804;10446;77
2006;Schweizerinnen;35 bis 39;592;9463;62.6
2006;Schweizerinnen;40 bis 49;147;18495;7.9
2006;Ausländerinnen;15 bis 24;305;5223;58.4
2006;Ausländerinnen;25 bis 29;524;7428;70.5
2006;Ausländerinnen;30 bis 34;670;7674;87.3
2006;Ausländerinnen;35 bis 39;384;6041;63.6
2006;Ausländerinnen;40 bis 49;57;7708;7.4
2005;Schweizerinnen;15 bis 24;162;14139;11.5
2005;Schweizerinnen;25 bis 29;350;11241;31.1
2005;Schweizerinnen;30 bis 34;762;10236;74.4
2005;Schweizerinnen;35 bis 39;573;9430;60.8
2005;Schweizerinnen;40 bis 49;141;18186;7.8
2005;Ausländerinnen;15 bis 24;300;5479;54.8
2005;Ausländerinnen;25 bis 29;589;7205;81.7
2005;Ausländerinnen;30 bis 34;630;7436;84.7
2005;Ausländerinnen;35 bis 39;315;6026;52.3
2005;Ausländerinnen;40 bis 49;73;7597;9.6
2004;Schweizerinnen;15 bis 24;160;14038;11.4
2004;Schweizerinnen;25 bis 29;341;11100;30.7
2004;Schweizerinnen;30 bis 34;725;10231;70.9
2004;Schweizerinnen;35 bis 39;518;9561;54.2
2004;Schweizerinnen;40 bis 49;122;18068;6.8
2004;Ausländerinnen;15 bis 24;346;5762;60
2004;Ausländerinnen;25 bis 29;571;7011;81.4
2004;Ausländerinnen;30 bis 34;622;7094;87.7
2004;Ausländerinnen;35 bis 39;340;5998;56.7
2004;Ausländerinnen;40 bis 49;46;7419;6.2
2003;Schweizerinnen;15 bis 24;148;14221;10.4
2003;Schweizerinnen;25 bis 29;342;11030;31
2003;Schweizerinnen;30 bis 34;659;10291;64
2003;Schweizerinnen;35 bis 39;525;9716;54
2003;Schweizerinnen;40 bis 49;120;17967;6.7
2003;Ausländerinnen;15 bis 24;413;5908;69.9
2003;Ausländerinnen;25 bis 29;536;6892;77.8
2003;Ausländerinnen;30 bis 34;551;6922;79.6
2003;Ausländerinnen;35 bis 39;290;5815;49.9
2003;Ausländerinnen;40 bis 49;45;7209;6.2
2002;Schweizerinnen;15 bis 24;171;14269;12
2002;Schweizerinnen;25 bis 29;315;11070;28.5
2002;Schweizerinnen;30 bis 34;660;10277;64.2
2002;Schweizerinnen;35 bis 39;426;9802;43.5
2002;Schweizerinnen;40 bis 49;95;17824;5.3
2002;Ausländerinnen;15 bis 24;402;6121;65.7
2002;Ausländerinnen;25 bis 29;598;6883;86.9
2002;Ausländerinnen;30 bis 34;535;6878;77.8
2002;Ausländerinnen;35 bis 39;307;5546;55.4
2002;Ausländerinnen;40 bis 49;44;7059;6.2
2001;Schweizerinnen;15 bis 24;161;14280;11.3
2001;Schweizerinnen;25 bis 29;332;11054;30
2001;Schweizerinnen;30 bis 34;626;10343;60.5
2001;Schweizerinnen;35 bis 39;431;9847;43.8
2001;Schweizerinnen;40 bis 49;107;17738;6
2001;Ausländerinnen;15 bis 24;436;6059;72
2001;Ausländerinnen;25 bis 29;547;6479;84.4
2001;Ausländerinnen;30 bis 34;557;6656;83.7
2001;Ausländerinnen;35 bis 39;248;5324;46.6
2001;Ausländerinnen;40 bis 49;27;6871;3.9
2000;Schweizerinnen;15 bis 24;149;14166;10.5
2000;Schweizerinnen;25 bis 29;368;10986;33.5
2000;Schweizerinnen;30 bis 34;659;10343;63.7
2000;Schweizerinnen;35 bis 39;370;9704;38.1
2000;Schweizerinnen;40 bis 49;106;17706;6
2000;Ausländerinnen;15 bis 24;493;6349;77.7
2000;Ausländerinnen;25 bis 29;595;6330;94
2000;Ausländerinnen;30 bis 34;569;6494;87.6
2000;Ausländerinnen;35 bis 39;230;5058;45.5
2000;Ausländerinnen;40 bis 49;38;6759;5.6
1999;Schweizerinnen;15 bis 24;159;13694;11.6
1999;Schweizerinnen;25 bis 29;387;10750;36
1999;Schweizerinnen;30 bis 34;650;10396;62.5
1999;Schweizerinnen;35 bis 39;366;9762;37.5
1999;Schweizerinnen;40 bis 49;74;17690;4.2
1999;Ausländerinnen;15 bis 24;507;6721;75.4
1999;Ausländerinnen;25 bis 29;572;6100;93.8
1999;Ausländerinnen;30 bis 34;504;6387;78.9
1999;Ausländerinnen;35 bis 39;237;4801;49.4
1999;Ausländerinnen;40 bis 49;33;6688;4.9
1998;Schweizerinnen;15 bis 24;144;13339;10.8
1998;Schweizerinnen;25 bis 29;378;10739;35.2
1998;Schweizerinnen;30 bis 34;654;10488;62.4
1998;Schweizerinnen;35 bis 39;363;9767;37.2
1998;Schweizerinnen;40 bis 49;71;17643;4
1998;Ausländerinnen;15 bis 24;474;6702;70.7
1998;Ausländerinnen;25 bis 29;582;5954;97.7
1998;Ausländerinnen;30 bis 34;532;6049;87.9
1998;Ausländerinnen;35 bis 39;223;4553;49
1998;Ausländerinnen;40 bis 49;34;6583;5.2
1997;Schweizerinnen;15 bis 24;156;12744;12.2
1997;Schweizerinnen;25 bis 29;470;10675;44
1997;Schweizerinnen;30 bis 34;645;10664;60.5
1997;Schweizerinnen;35 bis 39;365;9778;37.3
1997;Schweizerinnen;40 bis 49;79;17751;4.5
1997;Ausländerinnen;15 bis 24;466;6959;67
1997;Ausländerinnen;25 bis 29;558;5880;94.9
1997;Ausländerinnen;30 bis 34;498;5844;85.2
1997;Ausländerinnen;35 bis 39;194;4379;44.3
1997;Ausländerinnen;40 bis 49;28;6523;4.3
1996;Schweizerinnen;15 bis 24;162;12575;12.9
1996;Schweizerinnen;25 bis 29;474;10787;43.9
1996;Schweizerinnen;30 bis 34;691;10836;63.8
1996;Schweizerinnen;35 bis 39;368;9724;37.8
1996;Schweizerinnen;40 bis 49;63;17977;3.5
1996;Ausländerinnen;15 bis 24;487;7124;68.4
1996;Ausländerinnen;25 bis 29;585;5887;99.4
1996;Ausländerinnen;30 bis 34;423;5671;74.6
1996;Ausländerinnen;35 bis 39;158;4151;38.1
1996;Ausländerinnen;40 bis 49;19;6463;2.9
1995;Schweizerinnen;15 bis 24;164;12573;13
1995;Schweizerinnen;25 bis 29;514;11064;46.5
1995;Schweizerinnen;30 bis 34;721;11008;65.5
1995;Schweizerinnen;35 bis 39;340;9751;34.9
1995;Schweizerinnen;40 bis 49;65;18118;3.6
1995;Ausländerinnen;15 bis 24;447;7315;61.1
1995;Ausländerinnen;25 bis 29;585;5831;100.3
1995;Ausländerinnen;30 bis 34;435;5335;81.5
1995;Ausländerinnen;35 bis 39;128;4072;31.4
1995;Ausländerinnen;40 bis 49;20;6429;3.1
1994;Schweizerinnen;15 bis 24;167;12602;13.3
1994;Schweizerinnen;25 bis 29;590;11390;51.8
1994;Schweizerinnen;30 bis 34;780;11215;69.5
1994;Schweizerinnen;35 bis 39;348;9792;35.5
1994;Schweizerinnen;40 bis 49;62;18382;3.4
1994;Ausländerinnen;15 bis 24;471;7221;65.2
1994;Ausländerinnen;25 bis 29;524;5672;92.4
1994;Ausländerinnen;30 bis 34;370;4924;75.1
1994;Ausländerinnen;35 bis 39;144;3894;37
1994;Ausländerinnen;40 bis 49;27;6186;4.4
1993;Schweizerinnen;15 bis 24;189;12947;14.6
1993;Schweizerinnen;25 bis 29;636;11958;53.2
1993;Schweizerinnen;30 bis 34;782;11206;69.8
1993;Schweizerinnen;35 bis 39;351;9788;35.9
1993;Schweizerinnen;40 bis 49;54;18634;2.9
1993;Ausländerinnen;15 bis 24;410;7166;57.2
1993;Ausländerinnen;25 bis 29;489;5431;90
1993;Ausländerinnen;30 bis 34;328;4600;71.3
1993;Ausländerinnen;35 bis 39;137;3722;36.8
1993;Ausländerinnen;40 bis 49;24;6065;4
1992;Schweizerinnen;15 bis 24;226;13538;16.7
1992;Schweizerinnen;25 bis 29;760;12824;59.3
1992;Schweizerinnen;30 bis 34;806;11861;68
1992;Schweizerinnen;35 bis 39;339;10113;33.5
1992;Schweizerinnen;40 bis 49;72;19095;3.8
1992;Ausländerinnen;15 bis 24;348;7203;48.3
1992;Ausländerinnen;25 bis 29;420;4760;88.2
1992;Ausländerinnen;30 bis 34;274;3667;74.7
1992;Ausländerinnen;35 bis 39;122;3220;37.9
1992;Ausländerinnen;40 bis 49;39;5642;6.9
1991;Schweizerinnen;15 bis 24;242;14344;16.9
1991;Schweizerinnen;25 bis 29;795;13352;59.5
1991;Schweizerinnen;30 bis 34;829;11771;70.4
1991;Schweizerinnen;35 bis 39;328;10175;32.2
1991;Schweizerinnen;40 bis 49;63;19079;3.3
1991;Ausländerinnen;15 bis 24;320;6097;52.5
1991;Ausländerinnen;25 bis 29;390;4277;91.2
1991;Ausländerinnen;30 bis 34;257;3835;67
1991;Ausländerinnen;35 bis 39;99;3383;29.3
1991;Ausländerinnen;40 bis 49;19;5801;3.3
1990;Schweizerinnen;15 bis 24;236;15178;15.5
1990;Schweizerinnen;25 bis 29;774;13331;58.1
1990;Schweizerinnen;30 bis 34;810;11529;70.3
1990;Schweizerinnen;35 bis 39;280;10036;27.9
1990;Schweizerinnen;40 bis 49;34;19145;1.8
1990;Ausländerinnen;15 bis 24;271;6374;42.5
1990;Ausländerinnen;25 bis 29;294;3752;78.4
1990;Ausländerinnen;30 bis 34;247;3134;78.8
1990;Ausländerinnen;35 bis 39;96;3056;31.4
1990;Ausländerinnen;40 bis 49;4;5374;0.7
1989;Schweizerinnen;15 bis 24;297;16441;18.1
1989;Schweizerinnen;25 bis 29;829;13531;61.3
1989;Schweizerinnen;30 bis 34;730;11284;64.7
1989;Schweizerinnen;35 bis 39;281;9912;28.3
1989;Schweizerinnen;40 bis 49;36;18922;1.9
1989;Ausländerinnen;15 bis 24;262;6010;43.6
1989;Ausländerinnen;25 bis 29;278;3409;81.5
1989;Ausländerinnen;30 bis 34;225;2954;76.2
1989;Ausländerinnen;35 bis 39;94;3050;30.8
1989;Ausländerinnen;40 bis 49;12;5371;2.2
1988;Schweizerinnen;15 bis 24;300;17861;16.8
1988;Schweizerinnen;25 bis 29;803;13408;59.9
1988;Schweizerinnen;30 bis 34;748;11095;67.4
1988;Schweizerinnen;35 bis 39;278;9886;28.1
1988;Schweizerinnen;40 bis 49;35;18871;1.9
1988;Ausländerinnen;15 bis 24;284;5755;49.3
1988;Ausländerinnen;25 bis 29;304;3280;92.7
1988;Ausländerinnen;30 bis 34;190;2941;64.6
1988;Ausländerinnen;35 bis 39;77;3054;25.2
1988;Ausländerinnen;40 bis 49;17;5389;3.2
1987;Schweizerinnen;15 bis 24;337;18870;17.9
1987;Schweizerinnen;25 bis 29;788;13080;60.2
1987;Schweizerinnen;30 bis 34;693;10953;63.3
1987;Schweizerinnen;35 bis 39;259;9903;26.2
1987;Schweizerinnen;40 bis 49;30;18758;1.6
1987;Ausländerinnen;15 bis 24;269;5734;46.9
1987;Ausländerinnen;25 bis 29;298;3199;93.2
1987;Ausländerinnen;30 bis 34;178;2988;59.6
1987;Ausländerinnen;35 bis 39;75;2978;25.2
1987;Ausländerinnen;40 bis 49;15;5318;2.8
1986;Schweizerinnen;15 bis 24;377;19561;19.3
1986;Schweizerinnen;25 bis 29;843;12639;66.7
1986;Schweizerinnen;30 bis 34;662;10935;60.5
1986;Schweizerinnen;35 bis 39;255;9948;25.6
1986;Schweizerinnen;40 bis 49;34;18559;1.8
1986;Ausländerinnen;15 bis 24;280;5510;50.8
1986;Ausländerinnen;25 bis 29;262;3142;83.4
1986;Ausländerinnen;30 bis 34;187;3104;60.2
1986;Ausländerinnen;35 bis 39;75;2971;25.2
1986;Ausländerinnen;40 bis 49;11;5328;2.1
1985;Schweizerinnen;15 bis 24;401;19931;20.1
1985;Schweizerinnen;25 bis 29;827;12279;67.4
1985;Schweizerinnen;30 bis 34;609;10683;57
1985;Schweizerinnen;35 bis 39;241;9935;24.3
1985;Schweizerinnen;40 bis 49;32;18459;1.7
1985;Ausländerinnen;15 bis 24;288;5365;53.7
1985;Ausländerinnen;25 bis 29;286;3111;91.9
1985;Ausländerinnen;30 bis 34;198;3145;63
1985;Ausländerinnen;35 bis 39;58;2946;19.7
1985;Ausländerinnen;40 bis 49;13;5350;2.4
1984;Schweizerinnen;15 bis 24;400;20690;19.3
1984;Schweizerinnen;25 bis 29;873;12166;71.8
1984;Schweizerinnen;30 bis 34;623;10582;58.9
1984;Schweizerinnen;35 bis 39;214;10117;21.2
1984;Schweizerinnen;40 bis 49;37;18371;2
1984;Ausländerinnen;15 bis 24;294;5388;54.6
1984;Ausländerinnen;25 bis 29;260;3117;83.4
1984;Ausländerinnen;30 bis 34;199;3233;61.6
1984;Ausländerinnen;35 bis 39;73;2935;24.9
1984;Ausländerinnen;40 bis 49;11;5514;2
1983;Schweizerinnen;15 bis 24;418;21007;19.9
1983;Schweizerinnen;25 bis 29;830;11863;70
1983;Schweizerinnen;30 bis 34;663;10499;63.1
1983;Schweizerinnen;35 bis 39;221;10176;21.7
1983;Schweizerinnen;40 bis 49;29;18343;1.6
1983;Ausländerinnen;15 bis 24;294;5390;54.5
1983;Ausländerinnen;25 bis 29;265;3220;82.3
1983;Ausländerinnen;30 bis 34;174;3341;52.1
1983;Ausländerinnen;35 bis 39;82;3001;27.3
1983;Ausländerinnen;40 bis 49;18;5490;3.3
1982;Schweizerinnen;15 bis 24;402;21517;18.7
1982;Schweizerinnen;25 bis 29;809;11803;68.5
1982;Schweizerinnen;30 bis 34;649;10553;61.5
1982;Schweizerinnen;35 bis 39;192;10157;18.9
1982;Schweizerinnen;40 bis 49;30;18531;1.6
1982;Ausländerinnen;15 bis 24;308;5310;58
1982;Ausländerinnen;25 bis 29;338;3418;98.9
1982;Ausländerinnen;30 bis 34;238;3407;69.9
1982;Ausländerinnen;35 bis 39;91;2982;30.5
1982;Ausländerinnen;40 bis 49;19;5484;3.5
1981;Schweizerinnen;15 bis 24;408;21545;18.9
1981;Schweizerinnen;25 bis 29;828;11947;69.3
1981;Schweizerinnen;30 bis 34;566;10511;53.8
1981;Schweizerinnen;35 bis 39;183;10063;18.2
1981;Schweizerinnen;40 bis 49;25;18711;1.3
1981;Ausländerinnen;15 bis 24;298;5286;56.4
1981;Ausländerinnen;25 bis 29;341;3383;100.8
1981;Ausländerinnen;30 bis 34;235;3230;72.8
1981;Ausländerinnen;35 bis 39;87;2648;32.9
1981;Ausländerinnen;40 bis 49;18;5142;3.5
1980;Schweizerinnen;15 bis 24;443;22136;20
1980;Schweizerinnen;25 bis 29;802;11891;67.4
1980;Schweizerinnen;30 bis 34;590;10552;55.9
1980;Schweizerinnen;35 bis 39;155;9943;15.6
1980;Schweizerinnen;40 bis 49;26;19163;1.4
1980;Ausländerinnen;15 bis 24;286;4997;57.2
1980;Ausländerinnen;25 bis 29;315;3448;91.4
1980;Ausländerinnen;30 bis 34;237;3197;74.1
1980;Ausländerinnen;35 bis 39;78;2662;29.3
1980;Ausländerinnen;40 bis 49;21;5048;4.2
1979;Schweizerinnen;15 bis 24;444;23468;18.9
1979;Schweizerinnen;25 bis 29;800;12006;66.6
1979;Schweizerinnen;30 bis 34;594;10650;55.8
1979;Schweizerinnen;35 bis 39;137;9623;14.2
1979;Schweizerinnen;40 bis 49;11;19883;0.6
1979;Ausländerinnen;15 bis 24;270;4817;56.1
1979;Ausländerinnen;25 bis 29;306;3420;89.5
1979;Ausländerinnen;30 bis 34;218;3167;68.8
1979;Ausländerinnen;35 bis 39;88;2840;31
1979;Ausländerinnen;40 bis 49;25;4897;5.1
1978;Schweizerinnen;15 bis 24;456;23617;19.3
1978;Schweizerinnen;25 bis 29;785;12001;65.4
1978;Schweizerinnen;30 bis 34;541;10753;50.3
1978;Schweizerinnen;35 bis 39;127;9423;13.5
1978;Schweizerinnen;40 bis 49;20;20590;1
1978;Ausländerinnen;15 bis 24;293;4616;63.5
1978;Ausländerinnen;25 bis 29;350;3434;101.9
1978;Ausländerinnen;30 bis 34;211;3114;67.8
1978;Ausländerinnen;35 bis 39;77;2945;26.1
1978;Ausländerinnen;40 bis 49;22;4744;4.6
1977;Schweizerinnen;15 bis 24;404;23573;17.1
1977;Schweizerinnen;25 bis 29;688;11894;57.8
1977;Schweizerinnen;30 bis 34;427;10838;39.4
1977;Schweizerinnen;35 bis 39;124;9266;13.4
1977;Schweizerinnen;40 bis 49;19;21320;0.9
1977;Ausländerinnen;15 bis 24;355;4558;77.9
1977;Ausländerinnen;25 bis 29;447;3502;127.6
1977;Ausländerinnen;30 bis 34;265;3118;85
1977;Ausländerinnen;35 bis 39;123;3049;40.3
1977;Ausländerinnen;40 bis 49;19;4603;4.1
1976;Schweizerinnen;15 bis 24;407;23821;17.1
1976;Schweizerinnen;25 bis 29;681;11767;57.9
1976;Schweizerinnen;30 bis 34;417;10779;38.7
1976;Schweizerinnen;35 bis 39;101;9088;11.1
1976;Schweizerinnen;40 bis 49;13;21943;0.6
1976;Ausländerinnen;15 bis 24;427;4698;90.9
1976;Ausländerinnen;25 bis 29;447;3693;121
1976;Ausländerinnen;30 bis 34;264;3205;82.4
1976;Ausländerinnen;35 bis 39;98;3228;30.4
1976;Ausländerinnen;40 bis 49;25;4594;5.4
1975;Schweizerinnen;15 bis 24;426;24015;17.7
1975;Schweizerinnen;25 bis 29;655;11785;55.6
1975;Schweizerinnen;30 bis 34;400;10678;37.5
1975;Schweizerinnen;35 bis 39;103;9199;11.2
1975;Schweizerinnen;40 bis 49;20;22684;0.9
1975;Ausländerinnen;15 bis 24;508;5294;96
1975;Ausländerinnen;25 bis 29;489;4097;119.4
1975;Ausländerinnen;30 bis 34;282;3464;81.4
1975;Ausländerinnen;35 bis 39;129;3439;37.5
1975;Ausländerinnen;40 bis 49;16;4604;3.5
1974;Schweizerinnen;15 bis 24;411;24041;17.1
1974;Schweizerinnen;25 bis 29;710;11823;60.1
1974;Schweizerinnen;30 bis 34;447;10284;43.5
1974;Schweizerinnen;35 bis 39;121;9490;12.8
1974;Schweizerinnen;40 bis 49;21;23386;0.9
1974;Ausländerinnen;15 bis 24;510;6020;84.7
1974;Ausländerinnen;25 bis 29;524;4407;118.9
1974;Ausländerinnen;30 bis 34;333;3924;84.9
1974;Ausländerinnen;35 bis 39;115;3524;32.6
1974;Ausländerinnen;40 bis 49;28;4621;6.1
1973;Schweizerinnen;15 bis 24;454;24235;18.7
1973;Schweizerinnen;25 bis 29;774;12212;63.4
1973;Schweizerinnen;30 bis 34;429;10063;42.6
1973;Schweizerinnen;35 bis 39;132;9797;13.5
1973;Schweizerinnen;40 bis 49;28;24205;1.2
1973;Ausländerinnen;15 bis 24;524;6030;86.9
1973;Ausländerinnen;25 bis 29;532;4503;118.1
1973;Ausländerinnen;30 bis 34;315;4093;77
1973;Ausländerinnen;35 bis 39;149;3429;43.5
1973;Ausländerinnen;40 bis 49;28;4483;6.2
1972;Schweizerinnen;15 bis 24;514;24947;20.6
1972;Schweizerinnen;25 bis 29;824;12636;65.2
1972;Schweizerinnen;30 bis 34;476;10029;47.5
1972;Schweizerinnen;35 bis 39;175;10274;17
1972;Schweizerinnen;40 bis 49;40;24970;1.6
1972;Ausländerinnen;15 bis 24;594;5999;99
1972;Ausländerinnen;25 bis 29;545;4524;120.5
1972;Ausländerinnen;30 bis 34;338;4206;80.4
1972;Ausländerinnen;35 bis 39;147;3308;44.4
1972;Ausländerinnen;40 bis 49;34;4287;7.9
1971;Schweizerinnen;15 bis 24;598;25528;23.4
1971;Schweizerinnen;25 bis 29;888;12840;69.2
1971;Schweizerinnen;30 bis 34;490;10043;48.8
1971;Schweizerinnen;35 bis 39;186;10770;17.3
1971;Schweizerinnen;40 bis 49;55;25838;2.1
1971;Ausländerinnen;15 bis 24;609;5821;104.6
1971;Ausländerinnen;25 bis 29;510;4361;116.9
1971;Ausländerinnen;30 bis 34;352;4218;83.5
1971;Ausländerinnen;35 bis 39;157;3176;49.4
1971;Ausländerinnen;40 bis 49;29;4108;7.1
1970;Schweizerinnen;15 bis 24;775;26226;29.6
1970;Schweizerinnen;25 bis 29;972;13310;73
1970;Schweizerinnen;30 bis 34;545;10563;51.6
1970;Schweizerinnen;35 bis 39;236;11351;20.8
1970;Schweizerinnen;40 bis 49;49;26744;1.8
1970;Ausländerinnen;15 bis 24;606;6194;97.8
1970;Ausländerinnen;25 bis 29;489;4555;107.4
1970;Ausländerinnen;30 bis 34;307;4106;74.8
1970;Ausländerinnen;35 bis 39;151;2977;50.7
1970;Ausländerinnen;40 bis 49;20;3959;5.1
1969;Schweizerinnen;15 bis 24;814;26571;30.6
1969;Schweizerinnen;25 bis 29;995;13137;75.7
1969;Schweizerinnen;30 bis 34;555;10922;50.8
1969;Schweizerinnen;35 bis 39;240;11862;20.2
1969;Schweizerinnen;40 bis 49;65;27283;2.4
1969;Ausländerinnen;15 bis 24;592;6540;90.5
1969;Ausländerinnen;25 bis 29;565;4939;114.4
1969;Ausländerinnen;30 bis 34;350;4189;83.6
1969;Ausländerinnen;35 bis 39;127;2978;42.6
1969;Ausländerinnen;40 bis 49;40;3850;10.4
1968;Schweizerinnen;15 bis 24;1030;26846;38.4
1968;Schweizerinnen;25 bis 29;1102;12735;86.5
1968;Schweizerinnen;30 bis 34;601;11115;54.1
1968;Schweizerinnen;35 bis 39;301;12470;24.1
1968;Schweizerinnen;40 bis 49;73;27186;2.7
1968;Ausländerinnen;15 bis 24;557;6446;86.4
1968;Ausländerinnen;25 bis 29;565;5103;110.7
1968;Ausländerinnen;30 bis 34;368;4132;89.1
1968;Ausländerinnen;35 bis 39;144;2905;49.6
1968;Ausländerinnen;40 bis 49;36;3577;10.1
1967;Schweizerinnen;15 bis 24;1065;27134;39.2
1967;Schweizerinnen;25 bis 29;1147;12176;94.2
1967;Schweizerinnen;30 bis 34;723;11488;62.9
1967;Schweizerinnen;35 bis 39;291;12997;22.4
1967;Schweizerinnen;40 bis 49;91;27142;3.4
1967;Ausländerinnen;15 bis 24;639;6011;106.3
1967;Ausländerinnen;25 bis 29;618;5147;120.1
1967;Ausländerinnen;30 bis 34;330;4003;82.4
1967;Ausländerinnen;35 bis 39;155;2788;55.6
1967;Ausländerinnen;40 bis 49;34;3213;10.6
1966;Schweizerinnen;15 bis 24;1165;27074;43
1966;Schweizerinnen;25 bis 29;1136;11812;96.2
1966;Schweizerinnen;30 bis 34;795;12009;66.2
1966;Schweizerinnen;35 bis 39;350;13463;26
1966;Schweizerinnen;40 bis 49;86;27140;3.2
1966;Ausländerinnen;15 bis 24;625;6127;102
1966;Ausländerinnen;25 bis 29;623;5382;115.8
1966;Ausländerinnen;30 bis 34;317;3859;82.1
1966;Ausländerinnen;35 bis 39;127;2687;47.3
1966;Ausländerinnen;40 bis 49;24;2991;8
