ZEIT_LANG,ZEIT_CODE,RAUM_LANG,RAUM_CODE,RAUM_SORT,DATENSTATUS,AMU_LANG,AMU_CODE,AMU_SORT,FER
1989-12-31,ZPJ001989,Stadt Zürich (ab 1934),R30000,10120000001,Definitiv,35–39 Jahre alt,AMU0508,7,28.9
2012-12-31,ZPJ002012,Stadt Zürich (ab 1934),R30000,10120000001,Definitiv,35–39 Jahre alt,AMU0508,7,78.0
1979-12-31,ZPJ001979,Stadt Zürich (ab 1934),R30000,10120000001,Definitiv,25–29 Jahre alt,AMU0506,5,71.7
1990-12-31,ZPJ001990,Stadt Zürich (ab 1934),R30000,10120000001,Definitiv,15–24 Jahre alt,AMU5039,39,23.5
1975-12-31,ZPJ001975,Stadt Zürich (ab 1934),R30000,10120000001,Definitiv,35–39 Jahre alt,AMU0508,7,18.4
1980-12-31,ZPJ001980,Stadt Zürich (ab 1934),R30000,10120000001,Definitiv,15–24 Jahre alt,AMU5039,39,26.9
1977-12-31,ZPJ001977,Stadt Zürich (ab 1934),R30000,10120000001,Definitiv,35–39 Jahre alt,AMU0508,7,20.1
1950-12-31,ZPJ001950,Stadt Zürich (ab 1934),R30000,10120000001,Definitiv,30–34 Jahre alt,AMU0507,6,76.8
1976-12-31,ZPJ001976,Stadt Zürich (ab 1934),R30000,10120000001,Definitiv,35–39 Jahre alt,AMU0508,7,16.2
1978-12-31,ZPJ001978,Stadt Zürich (ab 1934),R30000,10120000001,Definitiv,25–29 Jahre alt,AMU0506,5,73.5
1920-12-31,ZPJ001920,Stadt Zürich (ab 1934),R30000,10120000001,Definitiv,35–39 Jahre alt,AMU0508,7,40.6
1920-12-31,ZPJ001920,Stadt Zürich (ab 1934),R30000,10120000001,Definitiv,30–34 Jahre alt,AMU0507,6,65.9
1976-12-31,ZPJ001976,Stadt Zürich (ab 1934),R30000,10120000001,Definitiv,15–24 Jahre alt,AMU5039,39,29.2
1969-12-31,ZPJ001969,Stadt Zürich (ab 1934),R30000,10120000001,Definitiv,40–49 Jahre alt,AMU1005,4,3.4
1998-12-31,ZPJ001998,Stadt Zürich (ab 1934),R30000,10120000001,Definitiv,25–29 Jahre alt,AMU0506,5,57.5
2015-12-31,ZPJ002015,Stadt Zürich (ab 1934),R30000,10120000001,Definitiv,40–49 Jahre alt,AMU1005,4,12.0
1900-12-31,ZPJ001900,Stadt Zürich (ab 1934),R30000,10120000001,Definitiv,35–39 Jahre alt,AMU0508,7,109.5
2022-12-31,ZPJ002022,Stadt Zürich (ab 1934),R30000,10120000001,Definitiv,30–34 Jahre alt,AMU0507,6,74.9
2012-12-31,ZPJ002012,Stadt Zürich (ab 1934),R30000,10120000001,Definitiv,40–49 Jahre alt,AMU1005,4,11.4
2013-12-31,ZPJ002013,Stadt Zürich (ab 1934),R30000,10120000001,Definitiv,35–39 Jahre alt,AMU0508,7,85.5
1968-12-31,ZPJ001968,Stadt Zürich (ab 1934),R30000,10120000001,Definitiv,15–24 Jahre alt,AMU5039,39,47.7
1993-12-31,ZPJ001993,Stadt Zürich (ab 1934),R30000,10120000001,Definitiv,30–34 Jahre alt,AMU0507,6,70.2
2014-12-31,ZPJ002014,Stadt Zürich (ab 1934),R30000,10120000001,Definitiv,15–24 Jahre alt,AMU5039,39,16.8
1973-12-31,ZPJ001973,Stadt Zürich (ab 1934),R30000,10120000001,Definitiv,40–49 Jahre alt,AMU1005,4,2.0
2016-12-31,ZPJ002016,Stadt Zürich (ab 1934),R30000,10120000001,Definitiv,35–39 Jahre alt,AMU0508,7,84.9
2023-12-31,ZPJ002023,Stadt Zürich (ab 1934),R30000,10120000001,Definitiv,25–29 Jahre alt,AMU0506,5,22.2
2018-12-31,ZPJ002018,Stadt Zürich (ab 1934),R30000,10120000001,Definitiv,25–29 Jahre alt,AMU0506,5,35.1
1974-12-31,ZPJ001974,Stadt Zürich (ab 1934),R30000,10120000001,Definitiv,30–34 Jahre alt,AMU0507,6,54.9
1910-12-31,ZPJ001910,Stadt Zürich (ab 1934),R30000,10120000001,Definitiv,15–24 Jahre alt,AMU5039,39,54.6
2010-12-31,ZPJ002010,Stadt Zürich (ab 1934),R30000,10120000001,Definitiv,35–39 Jahre alt,AMU0508,7,79.2
1941-12-31,ZPJ001941,Stadt Zürich (ab 1934),R30000,10120000001,Definitiv,40–49 Jahre alt,AMU1005,4,5.1
2009-12-31,ZPJ002009,Stadt Zürich (ab 1934),R30000,10120000001,Definitiv,25–29 Jahre alt,AMU0506,5,44.9
2011-12-31,ZPJ002011,Stadt Zürich (ab 1934),R30000,10120000001,Definitiv,25–29 Jahre alt,AMU0506,5,43.0
1966-12-31,ZPJ001966,Stadt Zürich (ab 1934),R30000,10120000001,Definitiv,25–29 Jahre alt,AMU0506,5,102.3
1979-12-31,ZPJ001979,Stadt Zürich (ab 1934),R30000,10120000001,Definitiv,15–24 Jahre alt,AMU5039,39,25.2
1941-12-31,ZPJ001941,Stadt Zürich (ab 1934),R30000,10120000001,Definitiv,30–34 Jahre alt,AMU0507,6,78.0
1977-12-31,ZPJ001977,Stadt Zürich (ab 1934),R30000,10120000001,Definitiv,30–34 Jahre alt,AMU0507,6,49.6
1995-12-31,ZPJ001995,Stadt Zürich (ab 1934),R30000,10120000001,Definitiv,40–49 Jahre alt,AMU1005,4,3.5
1992-12-31,ZPJ001992,Stadt Zürich (ab 1934),R30000,10120000001,Definitiv,15–24 Jahre alt,AMU5039,39,27.7
1989-12-31,ZPJ001989,Stadt Zürich (ab 1934),R30000,10120000001,Definitiv,40–49 Jahre alt,AMU1005,4,2.0
2022-12-31,ZPJ002022,Stadt Zürich (ab 1934),R30000,10120000001,Definitiv,35–39 Jahre alt,AMU0508,7,77.4
1971-12-31,ZPJ001971,Stadt Zürich (ab 1934),R30000,10120000001,Definitiv,30–34 Jahre alt,AMU0507,6,59.0
1969-12-31,ZPJ001969,Stadt Zürich (ab 1934),R30000,10120000001,Definitiv,35–39 Jahre alt,AMU0508,7,24.7
1971-12-31,ZPJ001971,Stadt Zürich (ab 1934),R30000,10120000001,Definitiv,15–24 Jahre alt,AMU5039,39,38.5
1970-12-31,ZPJ001970,Stadt Zürich (ab 1934),R30000,10120000001,Definitiv,15–24 Jahre alt,AMU5039,39,42.6
1910-12-31,ZPJ001910,Stadt Zürich (ab 1934),R30000,10120000001,Definitiv,40–49 Jahre alt,AMU1005,4,15.4
1993-12-31,ZPJ001993,Stadt Zürich (ab 1934),R30000,10120000001,Definitiv,35–39 Jahre alt,AMU0508,7,36.1
2018-12-31,ZPJ002018,Stadt Zürich (ab 1934),R30000,10120000001,Definitiv,40–49 Jahre alt,AMU1005,4,14.1
2022-12-31,ZPJ002022,Stadt Zürich (ab 1934),R30000,10120000001,Definitiv,15–24 Jahre alt,AMU5039,39,6.6
1982-12-31,ZPJ001982,Stadt Zürich (ab 1934),R30000,10120000001,Definitiv,15–24 Jahre alt,AMU5039,39,26.5
1894-12-31,ZPJ001894,Stadt Zürich (ab 1934),R30000,10120000001,Definitiv,30–34 Jahre alt,AMU0507,6,163.1
1999-12-31,ZPJ001999,Stadt Zürich (ab 1934),R30000,10120000001,Definitiv,15–24 Jahre alt,AMU5039,39,32.6
1900-12-31,ZPJ001900,Stadt Zürich (ab 1934),R30000,10120000001,Definitiv,25–29 Jahre alt,AMU0506,5,191.9
1998-12-31,ZPJ001998,Stadt Zürich (ab 1934),R30000,10120000001,Definitiv,30–34 Jahre alt,AMU0507,6,71.7
1972-12-31,ZPJ001972,Stadt Zürich (ab 1934),R30000,10120000001,Definitiv,35–39 Jahre alt,AMU0508,7,23.7
2019-12-31,ZPJ002019,Stadt Zürich (ab 1934),R30000,10120000001,Definitiv,15–24 Jahre alt,AMU5039,39,10.0
1975-12-31,ZPJ001975,Stadt Zürich (ab 1934),R30000,10120000001,Definitiv,15–24 Jahre alt,AMU5039,39,31.9
1967-12-31,ZPJ001967,Stadt Zürich (ab 1934),R30000,10120000001,Definitiv,15–24 Jahre alt,AMU5039,39,51.4
1930-12-31,ZPJ001930,Stadt Zürich (ab 1934),R30000,10120000001,Definitiv,30–34 Jahre alt,AMU0507,6,60.9
2007-12-31,ZPJ002007,Stadt Zürich (ab 1934),R30000,10120000001,Definitiv,35–39 Jahre alt,AMU0508,7,70.2
2015-12-31,ZPJ002015,Stadt Zürich (ab 1934),R30000,10120000001,Definitiv,35–39 Jahre alt,AMU0508,7,88.6
1983-12-31,ZPJ001983,Stadt Zürich (ab 1934),R30000,10120000001,Definitiv,15–24 Jahre alt,AMU5039,39,27.0
1968-12-31,ZPJ001968,Stadt Zürich (ab 1934),R30000,10120000001,Definitiv,40–49 Jahre alt,AMU1005,4,3.5
1972-12-31,ZPJ001972,Stadt Zürich (ab 1934),R30000,10120000001,Definitiv,15–24 Jahre alt,AMU5039,39,35.8
1966-12-31,ZPJ001966,Stadt Zürich (ab 1934),R30000,10120000001,Definitiv,30–34 Jahre alt,AMU0507,6,70.1
1930-12-31,ZPJ001930,Stadt Zürich (ab 1934),R30000,10120000001,Definitiv,35–39 Jahre alt,AMU0508,7,29.5
1950-12-31,ZPJ001950,Stadt Zürich (ab 1934),R30000,10120000001,Definitiv,35–39 Jahre alt,AMU0508,7,37.5
1980-12-31,ZPJ001980,Stadt Zürich (ab 1934),R30000,10120000001,Definitiv,40–49 Jahre alt,AMU1005,4,1.9
1974-12-31,ZPJ001974,Stadt Zürich (ab 1934),R30000,10120000001,Definitiv,35–39 Jahre alt,AMU0508,7,18.1
2008-12-31,ZPJ002008,Stadt Zürich (ab 1934),R30000,10120000001,Definitiv,30–34 Jahre alt,AMU0507,6,82.9
1995-12-31,ZPJ001995,Stadt Zürich (ab 1934),R30000,10120000001,Definitiv,35–39 Jahre alt,AMU0508,7,33.9
1967-12-31,ZPJ001967,Stadt Zürich (ab 1934),R30000,10120000001,Definitiv,30–34 Jahre alt,AMU0507,6,68.0
1970-12-31,ZPJ001970,Stadt Zürich (ab 1934),R30000,10120000001,Definitiv,35–39 Jahre alt,AMU0508,7,27.0
1994-12-31,ZPJ001994,Stadt Zürich (ab 1934),R30000,10120000001,Definitiv,15–24 Jahre alt,AMU5039,39,32.2
2001-12-31,ZPJ002001,Stadt Zürich (ab 1934),R30000,10120000001,Definitiv,40–49 Jahre alt,AMU1005,4,5.4
1972-12-31,ZPJ001972,Stadt Zürich (ab 1934),R30000,10120000001,Definitiv,40–49 Jahre alt,AMU1005,4,2.5
2020-12-31,ZPJ002020,Stadt Zürich (ab 1934),R30000,10120000001,Definitiv,35–39 Jahre alt,AMU0508,7,85.7
2011-12-31,ZPJ002011,Stadt Zürich (ab 1934),R30000,10120000001,Definitiv,35–39 Jahre alt,AMU0508,7,80.0
2023-12-31,ZPJ002023,Stadt Zürich (ab 1934),R30000,10120000001,Definitiv,30–34 Jahre alt,AMU0507,6,73.7
1993-12-31,ZPJ001993,Stadt Zürich (ab 1934),R30000,10120000001,Definitiv,25–29 Jahre alt,AMU0506,5,64.7
2000-12-31,ZPJ002000,Stadt Zürich (ab 1934),R30000,10120000001,Definitiv,35–39 Jahre alt,AMU0508,7,40.6
1996-12-31,ZPJ001996,Stadt Zürich (ab 1934),R30000,10120000001,Definitiv,40–49 Jahre alt,AMU1005,4,3.4
2010-12-31,ZPJ002010,Stadt Zürich (ab 1934),R30000,10120000001,Definitiv,25–29 Jahre alt,AMU0506,5,41.7
1996-12-31,ZPJ001996,Stadt Zürich (ab 1934),R30000,10120000001,Definitiv,25–29 Jahre alt,AMU0506,5,63.5
1989-12-31,ZPJ001989,Stadt Zürich (ab 1934),R30000,10120000001,Definitiv,30–34 Jahre alt,AMU0507,6,67.1
2004-12-31,ZPJ002004,Stadt Zürich (ab 1934),R30000,10120000001,Definitiv,15–24 Jahre alt,AMU5039,39,25.6
1987-12-31,ZPJ001987,Stadt Zürich (ab 1934),R30000,10120000001,Definitiv,30–34 Jahre alt,AMU0507,6,62.5
1978-12-31,ZPJ001978,Stadt Zürich (ab 1934),R30000,10120000001,Definitiv,15–24 Jahre alt,AMU5039,39,26.5
1974-12-31,ZPJ001974,Stadt Zürich (ab 1934),R30000,10120000001,Definitiv,40–49 Jahre alt,AMU1005,4,1.7
2024-12-31,ZPJ002024,Stadt Zürich (ab 1934),R30000,10120000001,Definitiv,25–29 Jahre alt,AMU0506,5,22.1
1991-12-31,ZPJ001991,Stadt Zürich (ab 1934),R30000,10120000001,Definitiv,35–39 Jahre alt,AMU0508,7,31.5
1981-12-31,ZPJ001981,Stadt Zürich (ab 1934),R30000,10120000001,Definitiv,35–39 Jahre alt,AMU0508,7,21.2
2011-12-31,ZPJ002011,Stadt Zürich (ab 1934),R30000,10120000001,Definitiv,15–24 Jahre alt,AMU5039,39,19.0
1975-12-31,ZPJ001975,Stadt Zürich (ab 1934),R30000,10120000001,Definitiv,40–49 Jahre alt,AMU1005,4,1.3
1996-12-31,ZPJ001996,Stadt Zürich (ab 1934),R30000,10120000001,Definitiv,30–34 Jahre alt,AMU0507,6,67.5
1981-12-31,ZPJ001981,Stadt Zürich (ab 1934),R30000,10120000001,Definitiv,30–34 Jahre alt,AMU0507,6,58.3
2018-12-31,ZPJ002018,Stadt Zürich (ab 1934),R30000,10120000001,Definitiv,35–39 Jahre alt,AMU0508,7,87.9
2002-12-31,ZPJ002002,Stadt Zürich (ab 1934),R30000,10120000001,Definitiv,30–34 Jahre alt,AMU0507,6,69.7
1996-12-31,ZPJ001996,Stadt Zürich (ab 1934),R30000,10120000001,Definitiv,35–39 Jahre alt,AMU0508,7,37.9
1941-12-31,ZPJ001941,Stadt Zürich (ab 1934),R30000,10120000001,Definitiv,15–24 Jahre alt,AMU5039,39,41.9
1977-12-31,ZPJ001977,Stadt Zürich (ab 1934),R30000,10120000001,Definitiv,40–49 Jahre alt,AMU1005,4,1.5
2001-12-31,ZPJ002001,Stadt Zürich (ab 1934),R30000,10120000001,Definitiv,15–24 Jahre alt,AMU5039,39,29.4
2009-12-31,ZPJ002009,Stadt Zürich (ab 1934),R30000,10120000001,Definitiv,35–39 Jahre alt,AMU0508,7,80.0
1979-12-31,ZPJ001979,Stadt Zürich (ab 1934),R30000,10120000001,Definitiv,30–34 Jahre alt,AMU0507,6,58.8
1894-12-31,ZPJ001894,Stadt Zürich (ab 1934),R30000,10120000001,Definitiv,35–39 Jahre alt,AMU0508,7,104.8
2024-12-31,ZPJ002024,Stadt Zürich (ab 1934),R30000,10120000001,Definitiv,30–34 Jahre alt,AMU0507,6,66.8
2002-12-31,ZPJ002002,Stadt Zürich (ab 1934),R30000,10120000001,Definitiv,40–49 Jahre alt,AMU1005,4,5.6
1987-12-31,ZPJ001987,Stadt Zürich (ab 1934),R30000,10120000001,Definitiv,35–39 Jahre alt,AMU0508,7,25.9
2009-12-31,ZPJ002009,Stadt Zürich (ab 1934),R30000,10120000001,Definitiv,30–34 Jahre alt,AMU0507,6,87.1
2012-12-31,ZPJ002012,Stadt Zürich (ab 1934),R30000,10120000001,Definitiv,30–34 Jahre alt,AMU0507,6,86.6
2014-12-31,ZPJ002014,Stadt Zürich (ab 1934),R30000,10120000001,Definitiv,30–34 Jahre alt,AMU0507,6,91.0
2004-12-31,ZPJ002004,Stadt Zürich (ab 1934),R30000,10120000001,Definitiv,35–39 Jahre alt,AMU0508,7,55.1
1973-12-31,ZPJ001973,Stadt Zürich (ab 1934),R30000,10120000001,Definitiv,35–39 Jahre alt,AMU0508,7,21.2
1900-12-31,ZPJ001900,Stadt Zürich (ab 1934),R30000,10120000001,Definitiv,15–24 Jahre alt,AMU5039,39,69.6
1920-12-31,ZPJ001920,Stadt Zürich (ab 1934),R30000,10120000001,Definitiv,40–49 Jahre alt,AMU1005,4,8.2
1950-12-31,ZPJ001950,Stadt Zürich (ab 1934),R30000,10120000001,Definitiv,40–49 Jahre alt,AMU1005,4,5.4
1930-12-31,ZPJ001930,Stadt Zürich (ab 1934),R30000,10120000001,Definitiv,25–29 Jahre alt,AMU0506,5,84.6
2020-12-31,ZPJ002020,Stadt Zürich (ab 1934),R30000,10120000001,Definitiv,25–29 Jahre alt,AMU0506,5,31.5
1966-12-31,ZPJ001966,Stadt Zürich (ab 1934),R30000,10120000001,Definitiv,35–39 Jahre alt,AMU0508,7,29.5
1995-12-31,ZPJ001995,Stadt Zürich (ab 1934),R30000,10120000001,Definitiv,15–24 Jahre alt,AMU5039,39,30.7
2023-12-31,ZPJ002023,Stadt Zürich (ab 1934),R30000,10120000001,Definitiv,35–39 Jahre alt,AMU0508,7,76.4
2021-12-31,ZPJ002021,Stadt Zürich (ab 1934),R30000,10120000001,Definitiv,25–29 Jahre alt,AMU0506,5,30.3
2001-12-31,ZPJ002001,Stadt Zürich (ab 1934),R30000,10120000001,Definitiv,35–39 Jahre alt,AMU0508,7,44.8
1991-12-31,ZPJ001991,Stadt Zürich (ab 1934),R30000,10120000001,Definitiv,40–49 Jahre alt,AMU1005,4,3.3
1994-12-31,ZPJ001994,Stadt Zürich (ab 1934),R30000,10120000001,Definitiv,35–39 Jahre alt,AMU0508,7,35.9
2020-12-31,ZPJ002020,Stadt Zürich (ab 1934),R30000,10120000001,Definitiv,40–49 Jahre alt,AMU1005,4,14.2
2000-12-31,ZPJ002000,Stadt Zürich (ab 1934),R30000,10120000001,Definitiv,25–29 Jahre alt,AMU0506,5,55.6
2016-12-31,ZPJ002016,Stadt Zürich (ab 1934),R30000,10120000001,Definitiv,30–34 Jahre alt,AMU0507,6,89.1
1976-12-31,ZPJ001976,Stadt Zürich (ab 1934),R30000,10120000001,Definitiv,25–29 Jahre alt,AMU0506,5,73.0
2009-12-31,ZPJ002009,Stadt Zürich (ab 1934),R30000,10120000001,Definitiv,15–24 Jahre alt,AMU5039,39,20.4
2004-12-31,ZPJ002004,Stadt Zürich (ab 1934),R30000,10120000001,Definitiv,30–34 Jahre alt,AMU0507,6,77.7
2002-12-31,ZPJ002002,Stadt Zürich (ab 1934),R30000,10120000001,Definitiv,15–24 Jahre alt,AMU5039,39,28.1
2010-12-31,ZPJ002010,Stadt Zürich (ab 1934),R30000,10120000001,Definitiv,15–24 Jahre alt,AMU5039,39,18.3
2007-12-31,ZPJ002007,Stadt Zürich (ab 1934),R30000,10120000001,Definitiv,15–24 Jahre alt,AMU5039,39,21.2
1973-12-31,ZPJ001973,Stadt Zürich (ab 1934),R30000,10120000001,Definitiv,25–29 Jahre alt,AMU0506,5,78.1
1983-12-31,ZPJ001983,Stadt Zürich (ab 1934),R30000,10120000001,Definitiv,30–34 Jahre alt,AMU0507,6,60.5
1983-12-31,ZPJ001983,Stadt Zürich (ab 1934),R30000,10120000001,Definitiv,35–39 Jahre alt,AMU0508,7,23.0
2000-12-31,ZPJ002000,Stadt Zürich (ab 1934),R30000,10120000001,Definitiv,40–49 Jahre alt,AMU1005,4,5.9
1930-12-31,ZPJ001930,Stadt Zürich (ab 1934),R30000,10120000001,Definitiv,40–49 Jahre alt,AMU1005,4,4.8
2004-12-31,ZPJ002004,Stadt Zürich (ab 1934),R30000,10120000001,Definitiv,40–49 Jahre alt,AMU1005,4,6.6
1988-12-31,ZPJ001988,Stadt Zürich (ab 1934),R30000,10120000001,Definitiv,15–24 Jahre alt,AMU5039,39,24.7
2022-12-31,ZPJ002022,Stadt Zürich (ab 1934),R30000,10120000001,Definitiv,25–29 Jahre alt,AMU0506,5,24.4
2002-12-31,ZPJ002002,Stadt Zürich (ab 1934),R30000,10120000001,Definitiv,35–39 Jahre alt,AMU0508,7,47.8
2005-12-31,ZPJ002005,Stadt Zürich (ab 1934),R30000,10120000001,Definitiv,35–39 Jahre alt,AMU0508,7,57.5
1966-12-31,ZPJ001966,Stadt Zürich (ab 1934),R30000,10120000001,Definitiv,15–24 Jahre alt,AMU5039,39,53.9
2005-12-31,ZPJ002005,Stadt Zürich (ab 1934),R30000,10120000001,Definitiv,15–24 Jahre alt,AMU5039,39,23.5
2006-12-31,ZPJ002006,Stadt Zürich (ab 1934),R30000,10120000001,Definitiv,40–49 Jahre alt,AMU1005,4,7.8
1975-12-31,ZPJ001975,Stadt Zürich (ab 1934),R30000,10120000001,Definitiv,25–29 Jahre alt,AMU0506,5,72.0
2001-12-31,ZPJ002001,Stadt Zürich (ab 1934),R30000,10120000001,Definitiv,30–34 Jahre alt,AMU0507,6,69.6
1984-12-31,ZPJ001984,Stadt Zürich (ab 1934),R30000,10120000001,Definitiv,30–34 Jahre alt,AMU0507,6,59.5
2000-12-31,ZPJ002000,Stadt Zürich (ab 1934),R30000,10120000001,Definitiv,30–34 Jahre alt,AMU0507,6,72.9
1960-12-31,ZPJ001960,Stadt Zürich (ab 1934),R30000,10120000001,Definitiv,25–29 Jahre alt,AMU0506,5,120.4
1941-12-31,ZPJ001941,Stadt Zürich (ab 1934),R30000,10120000001,Definitiv,35–39 Jahre alt,AMU0508,7,36.4
1989-12-31,ZPJ001989,Stadt Zürich (ab 1934),R30000,10120000001,Definitiv,15–24 Jahre alt,AMU5039,39,24.9
1979-12-31,ZPJ001979,Stadt Zürich (ab 1934),R30000,10120000001,Definitiv,40–49 Jahre alt,AMU1005,4,1.5
1966-12-31,ZPJ001966,Stadt Zürich (ab 1934),R30000,10120000001,Definitiv,40–49 Jahre alt,AMU1005,4,3.7
1910-12-31,ZPJ001910,Stadt Zürich (ab 1934),R30000,10120000001,Definitiv,25–29 Jahre alt,AMU0506,5,132.0
1997-12-31,ZPJ001997,Stadt Zürich (ab 1934),R30000,10120000001,Definitiv,40–49 Jahre alt,AMU1005,4,4.4
1968-12-31,ZPJ001968,Stadt Zürich (ab 1934),R30000,10120000001,Definitiv,30–34 Jahre alt,AMU0507,6,63.6
2006-12-31,ZPJ002006,Stadt Zürich (ab 1934),R30000,10120000001,Definitiv,15–24 Jahre alt,AMU5039,39,24.2
1982-12-31,ZPJ001982,Stadt Zürich (ab 1934),R30000,10120000001,Definitiv,40–49 Jahre alt,AMU1005,4,2.0
2014-12-31,ZPJ002014,Stadt Zürich (ab 1934),R30000,10120000001,Definitiv,35–39 Jahre alt,AMU0508,7,85.4
2011-12-31,ZPJ002011,Stadt Zürich (ab 1934),R30000,10120000001,Definitiv,30–34 Jahre alt,AMU0507,6,87.7
2008-12-31,ZPJ002008,Stadt Zürich (ab 1934),R30000,10120000001,Definitiv,40–49 Jahre alt,AMU1005,4,10.6
1990-12-31,ZPJ001990,Stadt Zürich (ab 1934),R30000,10120000001,Definitiv,40–49 Jahre alt,AMU1005,4,1.5
1994-12-31,ZPJ001994,Stadt Zürich (ab 1934),R30000,10120000001,Definitiv,40–49 Jahre alt,AMU1005,4,3.6
1990-12-31,ZPJ001990,Stadt Zürich (ab 1934),R30000,10120000001,Definitiv,25–29 Jahre alt,AMU0506,5,62.5
1988-12-31,ZPJ001988,Stadt Zürich (ab 1934),R30000,10120000001,Definitiv,30–34 Jahre alt,AMU0507,6,66.8
2003-12-31,ZPJ002003,Stadt Zürich (ab 1934),R30000,10120000001,Definitiv,30–34 Jahre alt,AMU0507,6,70.3
1894-12-31,ZPJ001894,Stadt Zürich (ab 1934),R30000,10120000001,Definitiv,15–24 Jahre alt,AMU5039,39,64.2
2017-12-31,ZPJ002017,Stadt Zürich (ab 1934),R30000,10120000001,Definitiv,40–49 Jahre alt,AMU1005,4,14.0
2020-12-31,ZPJ002020,Stadt Zürich (ab 1934),R30000,10120000001,Definitiv,30–34 Jahre alt,AMU0507,6,85.8
2024-12-31,ZPJ002024,Stadt Zürich (ab 1934),R30000,10120000001,Definitiv,15–24 Jahre alt,AMU5039,39,7.9
1960-12-31,ZPJ001960,Stadt Zürich (ab 1934),R30000,10120000001,Definitiv,15–24 Jahre alt,AMU5039,39,53.5
1967-12-31,ZPJ001967,Stadt Zürich (ab 1934),R30000,10120000001,Definitiv,35–39 Jahre alt,AMU0508,7,28.3
1960-12-31,ZPJ001960,Stadt Zürich (ab 1934),R30000,10120000001,Definitiv,35–39 Jahre alt,AMU0508,7,30.9
2014-12-31,ZPJ002014,Stadt Zürich (ab 1934),R30000,10120000001,Definitiv,40–49 Jahre alt,AMU1005,4,13.0
1995-12-31,ZPJ001995,Stadt Zürich (ab 1934),R30000,10120000001,Definitiv,30–34 Jahre alt,AMU0507,6,70.7
1980-12-31,ZPJ001980,Stadt Zürich (ab 1934),R30000,10120000001,Definitiv,25–29 Jahre alt,AMU0506,5,72.8
2007-12-31,ZPJ002007,Stadt Zürich (ab 1934),R30000,10120000001,Definitiv,25–29 Jahre alt,AMU0506,5,42.1
1997-12-31,ZPJ001997,Stadt Zürich (ab 1934),R30000,10120000001,Definitiv,25–29 Jahre alt,AMU0506,5,62.1
1986-12-31,ZPJ001986,Stadt Zürich (ab 1934),R30000,10120000001,Definitiv,15–24 Jahre alt,AMU5039,39,26.2
2005-12-31,ZPJ002005,Stadt Zürich (ab 1934),R30000,10120000001,Definitiv,30–34 Jahre alt,AMU0507,6,78.8
1988-12-31,ZPJ001988,Stadt Zürich (ab 1934),R30000,10120000001,Definitiv,25–29 Jahre alt,AMU0506,5,66.3
1981-12-31,ZPJ001981,Stadt Zürich (ab 1934),R30000,10120000001,Definitiv,25–29 Jahre alt,AMU0506,5,76.3
2021-12-31,ZPJ002021,Stadt Zürich (ab 1934),R30000,10120000001,Definitiv,15–24 Jahre alt,AMU5039,39,8.6
1900-12-31,ZPJ001900,Stadt Zürich (ab 1934),R30000,10120000001,Definitiv,40–49 Jahre alt,AMU1005,4,24.3
2015-12-31,ZPJ002015,Stadt Zürich (ab 1934),R30000,10120000001,Definitiv,25–29 Jahre alt,AMU0506,5,39.7
2005-12-31,ZPJ002005,Stadt Zürich (ab 1934),R30000,10120000001,Definitiv,25–29 Jahre alt,AMU0506,5,50.9
1986-12-31,ZPJ001986,Stadt Zürich (ab 1934),R30000,10120000001,Definitiv,35–39 Jahre alt,AMU0508,7,25.5
1984-12-31,ZPJ001984,Stadt Zürich (ab 1934),R30000,10120000001,Definitiv,15–24 Jahre alt,AMU5039,39,26.6
1982-12-31,ZPJ001982,Stadt Zürich (ab 1934),R30000,10120000001,Definitiv,35–39 Jahre alt,AMU0508,7,21.5
2015-12-31,ZPJ002015,Stadt Zürich (ab 1934),R30000,10120000001,Definitiv,30–34 Jahre alt,AMU0507,6,89.1
1894-12-31,ZPJ001894,Stadt Zürich (ab 1934),R30000,10120000001,Definitiv,25–29 Jahre alt,AMU0506,5,188.8
1984-12-31,ZPJ001984,Stadt Zürich (ab 1934),R30000,10120000001,Definitiv,35–39 Jahre alt,AMU0508,7,22.0
1999-12-31,ZPJ001999,Stadt Zürich (ab 1934),R30000,10120000001,Definitiv,35–39 Jahre alt,AMU0508,7,41.4
1989-12-31,ZPJ001989,Stadt Zürich (ab 1934),R30000,10120000001,Definitiv,25–29 Jahre alt,AMU0506,5,65.3
1998-12-31,ZPJ001998,Stadt Zürich (ab 1934),R30000,10120000001,Definitiv,40–49 Jahre alt,AMU1005,4,4.3
1998-12-31,ZPJ001998,Stadt Zürich (ab 1934),R30000,10120000001,Definitiv,35–39 Jahre alt,AMU0508,7,40.9
2001-12-31,ZPJ002001,Stadt Zürich (ab 1934),R30000,10120000001,Definitiv,25–29 Jahre alt,AMU0506,5,50.1
2021-12-31,ZPJ002021,Stadt Zürich (ab 1934),R30000,10120000001,Definitiv,40–49 Jahre alt,AMU1005,4,14.4
2023-12-31,ZPJ002023,Stadt Zürich (ab 1934),R30000,10120000001,Definitiv,40–49 Jahre alt,AMU1005,4,13.2
2017-12-31,ZPJ002017,Stadt Zürich (ab 1934),R30000,10120000001,Definitiv,30–34 Jahre alt,AMU0507,6,85.8
1967-12-31,ZPJ001967,Stadt Zürich (ab 1934),R30000,10120000001,Definitiv,40–49 Jahre alt,AMU1005,4,4.1
1992-12-31,ZPJ001992,Stadt Zürich (ab 1934),R30000,10120000001,Definitiv,25–29 Jahre alt,AMU0506,5,67.1
1996-12-31,ZPJ001996,Stadt Zürich (ab 1934),R30000,10120000001,Definitiv,15–24 Jahre alt,AMU5039,39,32.9
1986-12-31,ZPJ001986,Stadt Zürich (ab 1934),R30000,10120000001,Definitiv,40–49 Jahre alt,AMU1005,4,1.9
1960-12-31,ZPJ001960,Stadt Zürich (ab 1934),R30000,10120000001,Definitiv,40–49 Jahre alt,AMU1005,4,3.1
2007-12-31,ZPJ002007,Stadt Zürich (ab 1934),R30000,10120000001,Definitiv,40–49 Jahre alt,AMU1005,4,9.7
2018-12-31,ZPJ002018,Stadt Zürich (ab 1934),R30000,10120000001,Definitiv,30–34 Jahre alt,AMU0507,6,84.0
2021-12-31,ZPJ002021,Stadt Zürich (ab 1934),R30000,10120000001,Definitiv,35–39 Jahre alt,AMU0508,7,90.7
1985-12-31,ZPJ001985,Stadt Zürich (ab 1934),R30000,10120000001,Definitiv,15–24 Jahre alt,AMU5039,39,27.2
2018-12-31,ZPJ002018,Stadt Zürich (ab 1934),R30000,10120000001,Definitiv,15–24 Jahre alt,AMU5039,39,11.9
2019-12-31,ZPJ002019,Stadt Zürich (ab 1934),R30000,10120000001,Definitiv,40–49 Jahre alt,AMU1005,4,14.3
1976-12-31,ZPJ001976,Stadt Zürich (ab 1934),R30000,10120000001,Definitiv,40–49 Jahre alt,AMU1005,4,1.4
1970-12-31,ZPJ001970,Stadt Zürich (ab 1934),R30000,10120000001,Definitiv,25–29 Jahre alt,AMU0506,5,81.8
2021-12-31,ZPJ002021,Stadt Zürich (ab 1934),R30000,10120000001,Definitiv,30–34 Jahre alt,AMU0507,6,88.8
1979-12-31,ZPJ001979,Stadt Zürich (ab 1934),R30000,10120000001,Definitiv,35–39 Jahre alt,AMU0508,7,18.1
2007-12-31,ZPJ002007,Stadt Zürich (ab 1934),R30000,10120000001,Definitiv,30–34 Jahre alt,AMU0507,6,78.7
1969-12-31,ZPJ001969,Stadt Zürich (ab 1934),R30000,10120000001,Definitiv,25–29 Jahre alt,AMU0506,5,86.3
1999-12-31,ZPJ001999,Stadt Zürich (ab 1934),R30000,10120000001,Definitiv,25–29 Jahre alt,AMU0506,5,56.9
2019-12-31,ZPJ002019,Stadt Zürich (ab 1934),R30000,10120000001,Definitiv,25–29 Jahre alt,AMU0506,5,33.1
1950-12-31,ZPJ001950,Stadt Zürich (ab 1934),R30000,10120000001,Definitiv,15–24 Jahre alt,AMU5039,39,50.3
1910-12-31,ZPJ001910,Stadt Zürich (ab 1934),R30000,10120000001,Definitiv,35–39 Jahre alt,AMU0508,7,61.3
2016-12-31,ZPJ002016,Stadt Zürich (ab 1934),R30000,10120000001,Definitiv,25–29 Jahre alt,AMU0506,5,38.4
2020-12-31,ZPJ002020,Stadt Zürich (ab 1934),R30000,10120000001,Definitiv,15–24 Jahre alt,AMU5039,39,8.9
1994-12-31,ZPJ001994,Stadt Zürich (ab 1934),R30000,10120000001,Definitiv,30–34 Jahre alt,AMU0507,6,71.3
1973-12-31,ZPJ001973,Stadt Zürich (ab 1934),R30000,10120000001,Definitiv,15–24 Jahre alt,AMU5039,39,32.3
1968-12-31,ZPJ001968,Stadt Zürich (ab 1934),R30000,10120000001,Definitiv,25–29 Jahre alt,AMU0506,5,93.5
1950-12-31,ZPJ001950,Stadt Zürich (ab 1934),R30000,10120000001,Definitiv,25–29 Jahre alt,AMU0506,5,111.8
2024-12-31,ZPJ002024,Stadt Zürich (ab 1934),R30000,10120000001,Definitiv,35–39 Jahre alt,AMU0508,7,78.4
2017-12-31,ZPJ002017,Stadt Zürich (ab 1934),R30000,10120000001,Definitiv,15–24 Jahre alt,AMU5039,39,12.8
1986-12-31,ZPJ001986,Stadt Zürich (ab 1934),R30000,10120000001,Definitiv,25–29 Jahre alt,AMU0506,5,70.0
1967-12-31,ZPJ001967,Stadt Zürich (ab 1934),R30000,10120000001,Definitiv,25–29 Jahre alt,AMU0506,5,101.9
1894-12-31,ZPJ001894,Stadt Zürich (ab 1934),R30000,10120000001,Definitiv,40–49 Jahre alt,AMU1005,4,22.5
2003-12-31,ZPJ002003,Stadt Zürich (ab 1934),R30000,10120000001,Definitiv,40–49 Jahre alt,AMU1005,4,6.6
1976-12-31,ZPJ001976,Stadt Zürich (ab 1934),R30000,10120000001,Definitiv,30–34 Jahre alt,AMU0507,6,48.7
1971-12-31,ZPJ001971,Stadt Zürich (ab 1934),R30000,10120000001,Definitiv,35–39 Jahre alt,AMU0508,7,24.6
1981-12-31,ZPJ001981,Stadt Zürich (ab 1934),R30000,10120000001,Definitiv,40–49 Jahre alt,AMU1005,4,1.8
1978-12-31,ZPJ001978,Stadt Zürich (ab 1934),R30000,10120000001,Definitiv,30–34 Jahre alt,AMU0507,6,54.2
2008-12-31,ZPJ002008,Stadt Zürich (ab 1934),R30000,10120000001,Definitiv,15–24 Jahre alt,AMU5039,39,20.3
1941-12-31,ZPJ001941,Stadt Zürich (ab 1934),R30000,10120000001,Definitiv,25–29 Jahre alt,AMU0506,5,98.3
2022-12-31,ZPJ002022,Stadt Zürich (ab 1934),R30000,10120000001,Definitiv,40–49 Jahre alt,AMU1005,4,13.7
1977-12-31,ZPJ001977,Stadt Zürich (ab 1934),R30000,10120000001,Definitiv,25–29 Jahre alt,AMU0506,5,73.7
1930-12-31,ZPJ001930,Stadt Zürich (ab 1934),R30000,10120000001,Definitiv,15–24 Jahre alt,AMU5039,39,30.7
2010-12-31,ZPJ002010,Stadt Zürich (ab 1934),R30000,10120000001,Definitiv,30–34 Jahre alt,AMU0507,6,88.1
1969-12-31,ZPJ001969,Stadt Zürich (ab 1934),R30000,10120000001,Definitiv,15–24 Jahre alt,AMU5039,39,42.5
2006-12-31,ZPJ002006,Stadt Zürich (ab 1934),R30000,10120000001,Definitiv,30–34 Jahre alt,AMU0507,6,81.3
1991-12-31,ZPJ001991,Stadt Zürich (ab 1934),R30000,10120000001,Definitiv,25–29 Jahre alt,AMU0506,5,67.2
1960-12-31,ZPJ001960,Stadt Zürich (ab 1934),R30000,10120000001,Definitiv,30–34 Jahre alt,AMU0507,6,79.1
1974-12-31,ZPJ001974,Stadt Zürich (ab 1934),R30000,10120000001,Definitiv,15–24 Jahre alt,AMU5039,39,30.6
1992-12-31,ZPJ001992,Stadt Zürich (ab 1934),R30000,10120000001,Definitiv,35–39 Jahre alt,AMU0508,7,34.6
1993-12-31,ZPJ001993,Stadt Zürich (ab 1934),R30000,10120000001,Definitiv,15–24 Jahre alt,AMU5039,39,29.8
2017-12-31,ZPJ002017,Stadt Zürich (ab 1934),R30000,10120000001,Definitiv,25–29 Jahre alt,AMU0506,5,37.1
2003-12-31,ZPJ002003,Stadt Zürich (ab 1934),R30000,10120000001,Definitiv,25–29 Jahre alt,AMU0506,5,49.0
1987-12-31,ZPJ001987,Stadt Zürich (ab 1934),R30000,10120000001,Definitiv,25–29 Jahre alt,AMU0506,5,66.7
1987-12-31,ZPJ001987,Stadt Zürich (ab 1934),R30000,10120000001,Definitiv,15–24 Jahre alt,AMU5039,39,24.6
2015-12-31,ZPJ002015,Stadt Zürich (ab 1934),R30000,10120000001,Definitiv,15–24 Jahre alt,AMU5039,39,15.6
2006-12-31,ZPJ002006,Stadt Zürich (ab 1934),R30000,10120000001,Definitiv,25–29 Jahre alt,AMU0506,5,47.6
1990-12-31,ZPJ001990,Stadt Zürich (ab 1934),R30000,10120000001,Definitiv,35–39 Jahre alt,AMU0508,7,28.7
1972-12-31,ZPJ001972,Stadt Zürich (ab 1934),R30000,10120000001,Definitiv,30–34 Jahre alt,AMU0507,6,57.2
2008-12-31,ZPJ002008,Stadt Zürich (ab 1934),R30000,10120000001,Definitiv,35–39 Jahre alt,AMU0508,7,74.2
2013-12-31,ZPJ002013,Stadt Zürich (ab 1934),R30000,10120000001,Definitiv,40–49 Jahre alt,AMU1005,4,12.2
1920-12-31,ZPJ001920,Stadt Zürich (ab 1934),R30000,10120000001,Definitiv,15–24 Jahre alt,AMU5039,39,31.4
2010-12-31,ZPJ002010,Stadt Zürich (ab 1934),R30000,10120000001,Definitiv,40–49 Jahre alt,AMU1005,4,10.0
1983-12-31,ZPJ001983,Stadt Zürich (ab 1934),R30000,10120000001,Definitiv,25–29 Jahre alt,AMU0506,5,72.6
2008-12-31,ZPJ002008,Stadt Zürich (ab 1934),R30000,10120000001,Definitiv,25–29 Jahre alt,AMU0506,5,42.5
1984-12-31,ZPJ001984,Stadt Zürich (ab 1934),R30000,10120000001,Definitiv,40–49 Jahre alt,AMU1005,4,2.0
1974-12-31,ZPJ001974,Stadt Zürich (ab 1934),R30000,10120000001,Definitiv,25–29 Jahre alt,AMU0506,5,76.0
1968-12-31,ZPJ001968,Stadt Zürich (ab 1934),R30000,10120000001,Definitiv,35–39 Jahre alt,AMU0508,7,28.9
2016-12-31,ZPJ002016,Stadt Zürich (ab 1934),R30000,10120000001,Definitiv,15–24 Jahre alt,AMU5039,39,13.4
1995-12-31,ZPJ001995,Stadt Zürich (ab 1934),R30000,10120000001,Definitiv,25–29 Jahre alt,AMU0506,5,65.0
2019-12-31,ZPJ002019,Stadt Zürich (ab 1934),R30000,10120000001,Definitiv,35–39 Jahre alt,AMU0508,7,83.8
1997-12-31,ZPJ001997,Stadt Zürich (ab 1934),R30000,10120000001,Definitiv,35–39 Jahre alt,AMU0508,7,39.5
2012-12-31,ZPJ002012,Stadt Zürich (ab 1934),R30000,10120000001,Definitiv,25–29 Jahre alt,AMU0506,5,39.3
2013-12-31,ZPJ002013,Stadt Zürich (ab 1934),R30000,10120000001,Definitiv,25–29 Jahre alt,AMU0506,5,42.0
1980-12-31,ZPJ001980,Stadt Zürich (ab 1934),R30000,10120000001,Definitiv,35–39 Jahre alt,AMU0508,7,18.5
1971-12-31,ZPJ001971,Stadt Zürich (ab 1934),R30000,10120000001,Definitiv,25–29 Jahre alt,AMU0506,5,81.3
1985-12-31,ZPJ001985,Stadt Zürich (ab 1934),R30000,10120000001,Definitiv,30–34 Jahre alt,AMU0507,6,58.4
1985-12-31,ZPJ001985,Stadt Zürich (ab 1934),R30000,10120000001,Definitiv,25–29 Jahre alt,AMU0506,5,72.3
1980-12-31,ZPJ001980,Stadt Zürich (ab 1934),R30000,10120000001,Definitiv,30–34 Jahre alt,AMU0507,6,60.1
1970-12-31,ZPJ001970,Stadt Zürich (ab 1934),R30000,10120000001,Definitiv,40–49 Jahre alt,AMU1005,4,2.2
1978-12-31,ZPJ001978,Stadt Zürich (ab 1934),R30000,10120000001,Definitiv,35–39 Jahre alt,AMU0508,7,16.5
1992-12-31,ZPJ001992,Stadt Zürich (ab 1934),R30000,10120000001,Definitiv,40–49 Jahre alt,AMU1005,4,4.5
1987-12-31,ZPJ001987,Stadt Zürich (ab 1934),R30000,10120000001,Definitiv,40–49 Jahre alt,AMU1005,4,1.9
2005-12-31,ZPJ002005,Stadt Zürich (ab 1934),R30000,10120000001,Definitiv,40–49 Jahre alt,AMU1005,4,8.3
1981-12-31,ZPJ001981,Stadt Zürich (ab 1934),R30000,10120000001,Definitiv,15–24 Jahre alt,AMU5039,39,26.3
2009-12-31,ZPJ002009,Stadt Zürich (ab 1934),R30000,10120000001,Definitiv,40–49 Jahre alt,AMU1005,4,10.9
2012-12-31,ZPJ002012,Stadt Zürich (ab 1934),R30000,10120000001,Definitiv,15–24 Jahre alt,AMU5039,39,17.4
2003-12-31,ZPJ002003,Stadt Zürich (ab 1934),R30000,10120000001,Definitiv,15–24 Jahre alt,AMU5039,39,27.9
1985-12-31,ZPJ001985,Stadt Zürich (ab 1934),R30000,10120000001,Definitiv,40–49 Jahre alt,AMU1005,4,1.9
2003-12-31,ZPJ002003,Stadt Zürich (ab 1934),R30000,10120000001,Definitiv,35–39 Jahre alt,AMU0508,7,52.5
1991-12-31,ZPJ001991,Stadt Zürich (ab 1934),R30000,10120000001,Definitiv,15–24 Jahre alt,AMU5039,39,27.5
1900-12-31,ZPJ001900,Stadt Zürich (ab 1934),R30000,10120000001,Definitiv,30–34 Jahre alt,AMU0507,6,161.7
1990-12-31,ZPJ001990,Stadt Zürich (ab 1934),R30000,10120000001,Definitiv,30–34 Jahre alt,AMU0507,6,72.1
2002-12-31,ZPJ002002,Stadt Zürich (ab 1934),R30000,10120000001,Definitiv,25–29 Jahre alt,AMU0506,5,50.9
2000-12-31,ZPJ002000,Stadt Zürich (ab 1934),R30000,10120000001,Definitiv,15–24 Jahre alt,AMU5039,39,31.3
1985-12-31,ZPJ001985,Stadt Zürich (ab 1934),R30000,10120000001,Definitiv,35–39 Jahre alt,AMU0508,7,23.2
1973-12-31,ZPJ001973,Stadt Zürich (ab 1934),R30000,10120000001,Definitiv,30–34 Jahre alt,AMU0507,6,52.6
1988-12-31,ZPJ001988,Stadt Zürich (ab 1934),R30000,10120000001,Definitiv,40–49 Jahre alt,AMU1005,4,2.1
1971-12-31,ZPJ001971,Stadt Zürich (ab 1934),R30000,10120000001,Definitiv,40–49 Jahre alt,AMU1005,4,2.8
1994-12-31,ZPJ001994,Stadt Zürich (ab 1934),R30000,10120000001,Definitiv,25–29 Jahre alt,AMU0506,5,65.3
2014-12-31,ZPJ002014,Stadt Zürich (ab 1934),R30000,10120000001,Definitiv,25–29 Jahre alt,AMU0506,5,39.8
1910-12-31,ZPJ001910,Stadt Zürich (ab 1934),R30000,10120000001,Definitiv,30–34 Jahre alt,AMU0507,6,103.4
1984-12-31,ZPJ001984,Stadt Zürich (ab 1934),R30000,10120000001,Definitiv,25–29 Jahre alt,AMU0506,5,74.1
1986-12-31,ZPJ001986,Stadt Zürich (ab 1934),R30000,10120000001,Definitiv,30–34 Jahre alt,AMU0507,6,60.5
1975-12-31,ZPJ001975,Stadt Zürich (ab 1934),R30000,10120000001,Definitiv,30–34 Jahre alt,AMU0507,6,48.2
1999-12-31,ZPJ001999,Stadt Zürich (ab 1934),R30000,10120000001,Definitiv,40–49 Jahre alt,AMU1005,4,4.4
1992-12-31,ZPJ001992,Stadt Zürich (ab 1934),R30000,10120000001,Definitiv,30–34 Jahre alt,AMU0507,6,69.6
1997-12-31,ZPJ001997,Stadt Zürich (ab 1934),R30000,10120000001,Definitiv,30–34 Jahre alt,AMU0507,6,69.2
2004-12-31,ZPJ002004,Stadt Zürich (ab 1934),R30000,10120000001,Definitiv,25–29 Jahre alt,AMU0506,5,50.4
1991-12-31,ZPJ001991,Stadt Zürich (ab 1934),R30000,10120000001,Definitiv,30–34 Jahre alt,AMU0507,6,69.6
2017-12-31,ZPJ002017,Stadt Zürich (ab 1934),R30000,10120000001,Definitiv,35–39 Jahre alt,AMU0508,7,88.0
2024-12-31,ZPJ002024,Stadt Zürich (ab 1934),R30000,10120000001,Definitiv,40–49 Jahre alt,AMU1005,4,12.8
1970-12-31,ZPJ001970,Stadt Zürich (ab 1934),R30000,10120000001,Definitiv,30–34 Jahre alt,AMU0507,6,58.1
2011-12-31,ZPJ002011,Stadt Zürich (ab 1934),R30000,10120000001,Definitiv,40–49 Jahre alt,AMU1005,4,11.5
2016-12-31,ZPJ002016,Stadt Zürich (ab 1934),R30000,10120000001,Definitiv,40–49 Jahre alt,AMU1005,4,13.8
1998-12-31,ZPJ001998,Stadt Zürich (ab 1934),R30000,10120000001,Definitiv,15–24 Jahre alt,AMU5039,39,30.8
1982-12-31,ZPJ001982,Stadt Zürich (ab 1934),R30000,10120000001,Definitiv,30–34 Jahre alt,AMU0507,6,63.5
1999-12-31,ZPJ001999,Stadt Zürich (ab 1934),R30000,10120000001,Definitiv,30–34 Jahre alt,AMU0507,6,68.8
2013-12-31,ZPJ002013,Stadt Zürich (ab 1934),R30000,10120000001,Definitiv,15–24 Jahre alt,AMU5039,39,16.5
1997-12-31,ZPJ001997,Stadt Zürich (ab 1934),R30000,10120000001,Definitiv,15–24 Jahre alt,AMU5039,39,31.6
1983-12-31,ZPJ001983,Stadt Zürich (ab 1934),R30000,10120000001,Definitiv,40–49 Jahre alt,AMU1005,4,2.0
1982-12-31,ZPJ001982,Stadt Zürich (ab 1934),R30000,10120000001,Definitiv,25–29 Jahre alt,AMU0506,5,75.4
1993-12-31,ZPJ001993,Stadt Zürich (ab 1934),R30000,10120000001,Definitiv,40–49 Jahre alt,AMU1005,4,3.2
2023-12-31,ZPJ002023,Stadt Zürich (ab 1934),R30000,10120000001,Definitiv,15–24 Jahre alt,AMU5039,39,7.5
2006-12-31,ZPJ002006,Stadt Zürich (ab 1934),R30000,10120000001,Definitiv,35–39 Jahre alt,AMU0508,7,63.0
1969-12-31,ZPJ001969,Stadt Zürich (ab 1934),R30000,10120000001,Definitiv,30–34 Jahre alt,AMU0507,6,59.9
1972-12-31,ZPJ001972,Stadt Zürich (ab 1934),R30000,10120000001,Definitiv,25–29 Jahre alt,AMU0506,5,79.8
1978-12-31,ZPJ001978,Stadt Zürich (ab 1934),R30000,10120000001,Definitiv,40–49 Jahre alt,AMU1005,4,1.7
2013-12-31,ZPJ002013,Stadt Zürich (ab 1934),R30000,10120000001,Definitiv,30–34 Jahre alt,AMU0507,6,84.9
1988-12-31,ZPJ001988,Stadt Zürich (ab 1934),R30000,10120000001,Definitiv,35–39 Jahre alt,AMU0508,7,27.4
1977-12-31,ZPJ001977,Stadt Zürich (ab 1934),R30000,10120000001,Definitiv,15–24 Jahre alt,AMU5039,39,27.0
2019-12-31,ZPJ002019,Stadt Zürich (ab 1934),R30000,10120000001,Definitiv,30–34 Jahre alt,AMU0507,6,84.1
1920-12-31,ZPJ001920,Stadt Zürich (ab 1934),R30000,10120000001,Definitiv,25–29 Jahre alt,AMU0506,5,87.9
