ZEIT_LANG,ZEIT_CODE,RAUM_LANG,RAUM_CODE,RAUM_SORT,DATENSTATUS,AMU_LANG,AMU_CODE,AMU_SORT,HDM_LANG,HDM_CODE,HDM_SORT,FER
1997-12-31,ZPJ001997,Stadt Zürich (ab 1934),R30000,10120000001,Definitiv,40–49 Jahre alt,AMU1005,4,Ausland,HDM2000,2000,4.3
1894-12-31,ZPJ001894,Stadt Zürich (ab 1934),R30000,10120000001,Definitiv,25–29 Jahre alt,AMU0506,5,Schweiz,HDM1000,1000,185.8
2011-12-31,ZPJ002011,Stadt Zürich (ab 1934),R30000,10120000001,Definitiv,35–39 Jahre alt,AMU0508,7,Ausland,HDM2000,2000,72.4
1981-12-31,ZPJ001981,Stadt Zürich (ab 1934),R30000,10120000001,Definitiv,25–29 Jahre alt,AMU0506,5,Schweiz,HDM1000,1000,69.3
1997-12-31,ZPJ001997,Stadt Zürich (ab 1934),R30000,10120000001,Definitiv,15–24 Jahre alt,AMU5039,39,Ausland,HDM2000,2000,67.0
2018-12-31,ZPJ002018,Stadt Zürich (ab 1934),R30000,10120000001,Definitiv,25–29 Jahre alt,AMU0506,5,Schweiz,HDM1000,1000,26.2
1985-12-31,ZPJ001985,Stadt Zürich (ab 1934),R30000,10120000001,Definitiv,25–29 Jahre alt,AMU0506,5,Schweiz,HDM1000,1000,67.4
1960-12-31,ZPJ001960,Stadt Zürich (ab 1934),R30000,10120000001,Definitiv,25–29 Jahre alt,AMU0506,5,Ausland,HDM2000,2000,96.2
1995-12-31,ZPJ001995,Stadt Zürich (ab 1934),R30000,10120000001,Definitiv,15–24 Jahre alt,AMU5039,39,Schweiz,HDM1000,1000,13.0
2017-12-31,ZPJ002017,Stadt Zürich (ab 1934),R30000,10120000001,Definitiv,15–24 Jahre alt,AMU5039,39,Ausland,HDM2000,2000,31.6
1980-12-31,ZPJ001980,Stadt Zürich (ab 1934),R30000,10120000001,Definitiv,30–34 Jahre alt,AMU0507,6,Ausland,HDM2000,2000,74.1
1979-12-31,ZPJ001979,Stadt Zürich (ab 1934),R30000,10120000001,Definitiv,30–34 Jahre alt,AMU0507,6,Schweiz,HDM1000,1000,55.8
2003-12-31,ZPJ002003,Stadt Zürich (ab 1934),R30000,10120000001,Definitiv,40–49 Jahre alt,AMU1005,4,Schweiz,HDM1000,1000,6.7
1920-12-31,ZPJ001920,Stadt Zürich (ab 1934),R30000,10120000001,Definitiv,25–29 Jahre alt,AMU0506,5,Schweiz,HDM1000,1000,100.4
2015-12-31,ZPJ002015,Stadt Zürich (ab 1934),R30000,10120000001,Definitiv,30–34 Jahre alt,AMU0507,6,Ausland,HDM2000,2000,90.2
1968-12-31,ZPJ001968,Stadt Zürich (ab 1934),R30000,10120000001,Definitiv,35–39 Jahre alt,AMU0508,7,Schweiz,HDM1000,1000,24.1
1950-12-31,ZPJ001950,Stadt Zürich (ab 1934),R30000,10120000001,Definitiv,35–39 Jahre alt,AMU0508,7,Ausland,HDM2000,2000,24.0
2017-12-31,ZPJ002017,Stadt Zürich (ab 1934),R30000,10120000001,Definitiv,25–29 Jahre alt,AMU0506,5,Schweiz,HDM1000,1000,28.8
1999-12-31,ZPJ001999,Stadt Zürich (ab 1934),R30000,10120000001,Definitiv,35–39 Jahre alt,AMU0508,7,Ausland,HDM2000,2000,49.4
2017-12-31,ZPJ002017,Stadt Zürich (ab 1934),R30000,10120000001,Definitiv,40–49 Jahre alt,AMU1005,4,Ausland,HDM2000,2000,19.8
2003-12-31,ZPJ002003,Stadt Zürich (ab 1934),R30000,10120000001,Definitiv,35–39 Jahre alt,AMU0508,7,Ausland,HDM2000,2000,49.9
1950-12-31,ZPJ001950,Stadt Zürich (ab 1934),R30000,10120000001,Definitiv,30–34 Jahre alt,AMU0507,6,Schweiz,HDM1000,1000,80.5
2015-12-31,ZPJ002015,Stadt Zürich (ab 1934),R30000,10120000001,Definitiv,35–39 Jahre alt,AMU0508,7,Ausland,HDM2000,2000,85.8
1981-12-31,ZPJ001981,Stadt Zürich (ab 1934),R30000,10120000001,Definitiv,40–49 Jahre alt,AMU1005,4,Ausland,HDM2000,2000,3.5
1930-12-31,ZPJ001930,Stadt Zürich (ab 1934),R30000,10120000001,Definitiv,35–39 Jahre alt,AMU0508,7,Ausland,HDM2000,2000,17.2
2014-12-31,ZPJ002014,Stadt Zürich (ab 1934),R30000,10120000001,Definitiv,30–34 Jahre alt,AMU0507,6,Ausland,HDM2000,2000,94.4
2011-12-31,ZPJ002011,Stadt Zürich (ab 1934),R30000,10120000001,Definitiv,15–24 Jahre alt,AMU5039,39,Schweiz,HDM1000,1000,11.0
2007-12-31,ZPJ002007,Stadt Zürich (ab 1934),R30000,10120000001,Definitiv,40–49 Jahre alt,AMU1005,4,Schweiz,HDM1000,1000,9.8
2011-12-31,ZPJ002011,Stadt Zürich (ab 1934),R30000,10120000001,Definitiv,30–34 Jahre alt,AMU0507,6,Ausland,HDM2000,2000,83.2
2010-12-31,ZPJ002010,Stadt Zürich (ab 1934),R30000,10120000001,Definitiv,25–29 Jahre alt,AMU0506,5,Schweiz,HDM1000,1000,31.1
1985-12-31,ZPJ001985,Stadt Zürich (ab 1934),R30000,10120000001,Definitiv,40–49 Jahre alt,AMU1005,4,Ausland,HDM2000,2000,2.4
2011-12-31,ZPJ002011,Stadt Zürich (ab 1934),R30000,10120000001,Definitiv,40–49 Jahre alt,AMU1005,4,Ausland,HDM2000,2000,12.0
2005-12-31,ZPJ002005,Stadt Zürich (ab 1934),R30000,10120000001,Definitiv,30–34 Jahre alt,AMU0507,6,Schweiz,HDM1000,1000,74.4
2005-12-31,ZPJ002005,Stadt Zürich (ab 1934),R30000,10120000001,Definitiv,35–39 Jahre alt,AMU0508,7,Schweiz,HDM1000,1000,60.8
2015-12-31,ZPJ002015,Stadt Zürich (ab 1934),R30000,10120000001,Definitiv,35–39 Jahre alt,AMU0508,7,Schweiz,HDM1000,1000,90.8
1966-12-31,ZPJ001966,Stadt Zürich (ab 1934),R30000,10120000001,Definitiv,35–39 Jahre alt,AMU0508,7,Schweiz,HDM1000,1000,26.0
1894-12-31,ZPJ001894,Stadt Zürich (ab 1934),R30000,10120000001,Definitiv,40–49 Jahre alt,AMU1005,4,Schweiz,HDM1000,1000,20.2
2003-12-31,ZPJ002003,Stadt Zürich (ab 1934),R30000,10120000001,Definitiv,35–39 Jahre alt,AMU0508,7,Schweiz,HDM1000,1000,54.0
2014-12-31,ZPJ002014,Stadt Zürich (ab 1934),R30000,10120000001,Definitiv,15–24 Jahre alt,AMU5039,39,Ausland,HDM2000,2000,37.5
1941-12-31,ZPJ001941,Stadt Zürich (ab 1934),R30000,10120000001,Definitiv,15–24 Jahre alt,AMU5039,39,Schweiz,HDM1000,1000,42.5
1993-12-31,ZPJ001993,Stadt Zürich (ab 1934),R30000,10120000001,Definitiv,30–34 Jahre alt,AMU0507,6,Ausland,HDM2000,2000,71.3
2004-12-31,ZPJ002004,Stadt Zürich (ab 1934),R30000,10120000001,Definitiv,15–24 Jahre alt,AMU5039,39,Schweiz,HDM1000,1000,11.4
1973-12-31,ZPJ001973,Stadt Zürich (ab 1934),R30000,10120000001,Definitiv,40–49 Jahre alt,AMU1005,4,Ausland,HDM2000,2000,6.2
1995-12-31,ZPJ001995,Stadt Zürich (ab 1934),R30000,10120000001,Definitiv,30–34 Jahre alt,AMU0507,6,Schweiz,HDM1000,1000,65.5
1978-12-31,ZPJ001978,Stadt Zürich (ab 1934),R30000,10120000001,Definitiv,25–29 Jahre alt,AMU0506,5,Ausland,HDM2000,2000,101.9
2000-12-31,ZPJ002000,Stadt Zürich (ab 1934),R30000,10120000001,Definitiv,35–39 Jahre alt,AMU0508,7,Ausland,HDM2000,2000,45.5
1992-12-31,ZPJ001992,Stadt Zürich (ab 1934),R30000,10120000001,Definitiv,25–29 Jahre alt,AMU0506,5,Schweiz,HDM1000,1000,59.3
1980-12-31,ZPJ001980,Stadt Zürich (ab 1934),R30000,10120000001,Definitiv,35–39 Jahre alt,AMU0508,7,Schweiz,HDM1000,1000,15.6
2019-12-31,ZPJ002019,Stadt Zürich (ab 1934),R30000,10120000001,Definitiv,15–24 Jahre alt,AMU5039,39,Schweiz,HDM1000,1000,5.2
2006-12-31,ZPJ002006,Stadt Zürich (ab 1934),R30000,10120000001,Definitiv,15–24 Jahre alt,AMU5039,39,Schweiz,HDM1000,1000,11.8
2009-12-31,ZPJ002009,Stadt Zürich (ab 1934),R30000,10120000001,Definitiv,40–49 Jahre alt,AMU1005,4,Ausland,HDM2000,2000,12.6
1991-12-31,ZPJ001991,Stadt Zürich (ab 1934),R30000,10120000001,Definitiv,35–39 Jahre alt,AMU0508,7,Ausland,HDM2000,2000,29.3
1910-12-31,ZPJ001910,Stadt Zürich (ab 1934),R30000,10120000001,Definitiv,35–39 Jahre alt,AMU0508,7,Schweiz,HDM1000,1000,55.9
1999-12-31,ZPJ001999,Stadt Zürich (ab 1934),R30000,10120000001,Definitiv,35–39 Jahre alt,AMU0508,7,Schweiz,HDM1000,1000,37.5
2020-12-31,ZPJ002020,Stadt Zürich (ab 1934),R30000,10120000001,Definitiv,15–24 Jahre alt,AMU5039,39,Schweiz,HDM1000,1000,5.1
2005-12-31,ZPJ002005,Stadt Zürich (ab 1934),R30000,10120000001,Definitiv,25–29 Jahre alt,AMU0506,5,Schweiz,HDM1000,1000,31.1
2007-12-31,ZPJ002007,Stadt Zürich (ab 1934),R30000,10120000001,Definitiv,15–24 Jahre alt,AMU5039,39,Schweiz,HDM1000,1000,11.2
1900-12-31,ZPJ001900,Stadt Zürich (ab 1934),R30000,10120000001,Definitiv,35–39 Jahre alt,AMU0508,7,Ausland,HDM2000,2000,126.3
1994-12-31,ZPJ001994,Stadt Zürich (ab 1934),R30000,10120000001,Definitiv,35–39 Jahre alt,AMU0508,7,Ausland,HDM2000,2000,37.0
1999-12-31,ZPJ001999,Stadt Zürich (ab 1934),R30000,10120000001,Definitiv,15–24 Jahre alt,AMU5039,39,Schweiz,HDM1000,1000,11.6
1979-12-31,ZPJ001979,Stadt Zürich (ab 1934),R30000,10120000001,Definitiv,15–24 Jahre alt,AMU5039,39,Ausland,HDM2000,2000,56.1
1960-12-31,ZPJ001960,Stadt Zürich (ab 1934),R30000,10120000001,Definitiv,30–34 Jahre alt,AMU0507,6,Schweiz,HDM1000,1000,79.8
2004-12-31,ZPJ002004,Stadt Zürich (ab 1934),R30000,10120000001,Definitiv,35–39 Jahre alt,AMU0508,7,Ausland,HDM2000,2000,56.7
1941-12-31,ZPJ001941,Stadt Zürich (ab 1934),R30000,10120000001,Definitiv,15–24 Jahre alt,AMU5039,39,Ausland,HDM2000,2000,33.0
1999-12-31,ZPJ001999,Stadt Zürich (ab 1934),R30000,10120000001,Definitiv,25–29 Jahre alt,AMU0506,5,Ausland,HDM2000,2000,93.8
1983-12-31,ZPJ001983,Stadt Zürich (ab 1934),R30000,10120000001,Definitiv,30–34 Jahre alt,AMU0507,6,Schweiz,HDM1000,1000,63.1
1910-12-31,ZPJ001910,Stadt Zürich (ab 1934),R30000,10120000001,Definitiv,30–34 Jahre alt,AMU0507,6,Schweiz,HDM1000,1000,98.0
2018-12-31,ZPJ002018,Stadt Zürich (ab 1934),R30000,10120000001,Definitiv,15–24 Jahre alt,AMU5039,39,Schweiz,HDM1000,1000,6.2
1993-12-31,ZPJ001993,Stadt Zürich (ab 1934),R30000,10120000001,Definitiv,30–34 Jahre alt,AMU0507,6,Schweiz,HDM1000,1000,69.8
2006-12-31,ZPJ002006,Stadt Zürich (ab 1934),R30000,10120000001,Definitiv,30–34 Jahre alt,AMU0507,6,Ausland,HDM2000,2000,87.3
1941-12-31,ZPJ001941,Stadt Zürich (ab 1934),R30000,10120000001,Definitiv,40–49 Jahre alt,AMU1005,4,Schweiz,HDM1000,1000,5.4
2008-12-31,ZPJ002008,Stadt Zürich (ab 1934),R30000,10120000001,Definitiv,25–29 Jahre alt,AMU0506,5,Schweiz,HDM1000,1000,31.7
1979-12-31,ZPJ001979,Stadt Zürich (ab 1934),R30000,10120000001,Definitiv,35–39 Jahre alt,AMU0508,7,Ausland,HDM2000,2000,31.0
1987-12-31,ZPJ001987,Stadt Zürich (ab 1934),R30000,10120000001,Definitiv,35–39 Jahre alt,AMU0508,7,Schweiz,HDM1000,1000,26.2
2004-12-31,ZPJ002004,Stadt Zürich (ab 1934),R30000,10120000001,Definitiv,30–34 Jahre alt,AMU0507,6,Ausland,HDM2000,2000,87.7
1967-12-31,ZPJ001967,Stadt Zürich (ab 1934),R30000,10120000001,Definitiv,15–24 Jahre alt,AMU5039,39,Ausland,HDM2000,2000,106.3
2004-12-31,ZPJ002004,Stadt Zürich (ab 1934),R30000,10120000001,Definitiv,25–29 Jahre alt,AMU0506,5,Ausland,HDM2000,2000,81.4
1972-12-31,ZPJ001972,Stadt Zürich (ab 1934),R30000,10120000001,Definitiv,25–29 Jahre alt,AMU0506,5,Ausland,HDM2000,2000,120.5
2024-12-31,ZPJ002024,Stadt Zürich (ab 1934),R30000,10120000001,Definitiv,15–24 Jahre alt,AMU5039,39,Ausland,HDM2000,2000,15.2
1990-12-31,ZPJ001990,Stadt Zürich (ab 1934),R30000,10120000001,Definitiv,25–29 Jahre alt,AMU0506,5,Ausland,HDM2000,2000,78.4
2000-12-31,ZPJ002000,Stadt Zürich (ab 1934),R30000,10120000001,Definitiv,25–29 Jahre alt,AMU0506,5,Ausland,HDM2000,2000,94.0
1966-12-31,ZPJ001966,Stadt Zürich (ab 1934),R30000,10120000001,Definitiv,15–24 Jahre alt,AMU5039,39,Schweiz,HDM1000,1000,43.0
1966-12-31,ZPJ001966,Stadt Zürich (ab 1934),R30000,10120000001,Definitiv,15–24 Jahre alt,AMU5039,39,Ausland,HDM2000,2000,102.0
2009-12-31,ZPJ002009,Stadt Zürich (ab 1934),R30000,10120000001,Definitiv,30–34 Jahre alt,AMU0507,6,Schweiz,HDM1000,1000,87.0
1979-12-31,ZPJ001979,Stadt Zürich (ab 1934),R30000,10120000001,Definitiv,40–49 Jahre alt,AMU1005,4,Schweiz,HDM1000,1000,0.6
1997-12-31,ZPJ001997,Stadt Zürich (ab 1934),R30000,10120000001,Definitiv,40–49 Jahre alt,AMU1005,4,Schweiz,HDM1000,1000,4.5
1975-12-31,ZPJ001975,Stadt Zürich (ab 1934),R30000,10120000001,Definitiv,15–24 Jahre alt,AMU5039,39,Schweiz,HDM1000,1000,17.7
1986-12-31,ZPJ001986,Stadt Zürich (ab 1934),R30000,10120000001,Definitiv,30–34 Jahre alt,AMU0507,6,Ausland,HDM2000,2000,60.2
2019-12-31,ZPJ002019,Stadt Zürich (ab 1934),R30000,10120000001,Definitiv,30–34 Jahre alt,AMU0507,6,Schweiz,HDM1000,1000,81.4
2018-12-31,ZPJ002018,Stadt Zürich (ab 1934),R30000,10120000001,Definitiv,30–34 Jahre alt,AMU0507,6,Schweiz,HDM1000,1000,82.0
1991-12-31,ZPJ001991,Stadt Zürich (ab 1934),R30000,10120000001,Definitiv,15–24 Jahre alt,AMU5039,39,Ausland,HDM2000,2000,52.5
2006-12-31,ZPJ002006,Stadt Zürich (ab 1934),R30000,10120000001,Definitiv,25–29 Jahre alt,AMU0506,5,Ausland,HDM2000,2000,70.5
2015-12-31,ZPJ002015,Stadt Zürich (ab 1934),R30000,10120000001,Definitiv,25–29 Jahre alt,AMU0506,5,Ausland,HDM2000,2000,53.0
1975-12-31,ZPJ001975,Stadt Zürich (ab 1934),R30000,10120000001,Definitiv,35–39 Jahre alt,AMU0508,7,Ausland,HDM2000,2000,37.5
1998-12-31,ZPJ001998,Stadt Zürich (ab 1934),R30000,10120000001,Definitiv,15–24 Jahre alt,AMU5039,39,Ausland,HDM2000,2000,70.7
2012-12-31,ZPJ002012,Stadt Zürich (ab 1934),R30000,10120000001,Definitiv,25–29 Jahre alt,AMU0506,5,Ausland,HDM2000,2000,53.2
2010-12-31,ZPJ002010,Stadt Zürich (ab 1934),R30000,10120000001,Definitiv,15–24 Jahre alt,AMU5039,39,Schweiz,HDM1000,1000,12.1
1980-12-31,ZPJ001980,Stadt Zürich (ab 1934),R30000,10120000001,Definitiv,35–39 Jahre alt,AMU0508,7,Ausland,HDM2000,2000,29.3
2013-12-31,ZPJ002013,Stadt Zürich (ab 1934),R30000,10120000001,Definitiv,35–39 Jahre alt,AMU0508,7,Schweiz,HDM1000,1000,87.6
2009-12-31,ZPJ002009,Stadt Zürich (ab 1934),R30000,10120000001,Definitiv,40–49 Jahre alt,AMU1005,4,Schweiz,HDM1000,1000,10.1
1973-12-31,ZPJ001973,Stadt Zürich (ab 1934),R30000,10120000001,Definitiv,35–39 Jahre alt,AMU0508,7,Schweiz,HDM1000,1000,13.5
2021-12-31,ZPJ002021,Stadt Zürich (ab 1934),R30000,10120000001,Definitiv,35–39 Jahre alt,AMU0508,7,Schweiz,HDM1000,1000,90.6
1968-12-31,ZPJ001968,Stadt Zürich (ab 1934),R30000,10120000001,Definitiv,30–34 Jahre alt,AMU0507,6,Ausland,HDM2000,2000,89.1
1967-12-31,ZPJ001967,Stadt Zürich (ab 1934),R30000,10120000001,Definitiv,30–34 Jahre alt,AMU0507,6,Schweiz,HDM1000,1000,62.9
1991-12-31,ZPJ001991,Stadt Zürich (ab 1934),R30000,10120000001,Definitiv,40–49 Jahre alt,AMU1005,4,Schweiz,HDM1000,1000,3.3
2020-12-31,ZPJ002020,Stadt Zürich (ab 1934),R30000,10120000001,Definitiv,40–49 Jahre alt,AMU1005,4,Schweiz,HDM1000,1000,11.3
2022-12-31,ZPJ002022,Stadt Zürich (ab 1934),R30000,10120000001,Definitiv,40–49 Jahre alt,AMU1005,4,Schweiz,HDM1000,1000,11.7
1910-12-31,ZPJ001910,Stadt Zürich (ab 1934),R30000,10120000001,Definitiv,15–24 Jahre alt,AMU5039,39,Schweiz,HDM1000,1000,44.8
2010-12-31,ZPJ002010,Stadt Zürich (ab 1934),R30000,10120000001,Definitiv,40–49 Jahre alt,AMU1005,4,Schweiz,HDM1000,1000,9.7
2002-12-31,ZPJ002002,Stadt Zürich (ab 1934),R30000,10120000001,Definitiv,30–34 Jahre alt,AMU0507,6,Schweiz,HDM1000,1000,64.2
1980-12-31,ZPJ001980,Stadt Zürich (ab 1934),R30000,10120000001,Definitiv,15–24 Jahre alt,AMU5039,39,Schweiz,HDM1000,1000,20.0
2019-12-31,ZPJ002019,Stadt Zürich (ab 1934),R30000,10120000001,Definitiv,35–39 Jahre alt,AMU0508,7,Schweiz,HDM1000,1000,84.5
1988-12-31,ZPJ001988,Stadt Zürich (ab 1934),R30000,10120000001,Definitiv,40–49 Jahre alt,AMU1005,4,Schweiz,HDM1000,1000,1.9
2016-12-31,ZPJ002016,Stadt Zürich (ab 1934),R30000,10120000001,Definitiv,40–49 Jahre alt,AMU1005,4,Ausland,HDM2000,2000,17.8
2009-12-31,ZPJ002009,Stadt Zürich (ab 1934),R30000,10120000001,Definitiv,30–34 Jahre alt,AMU0507,6,Ausland,HDM2000,2000,87.4
1900-12-31,ZPJ001900,Stadt Zürich (ab 1934),R30000,10120000001,Definitiv,30–34 Jahre alt,AMU0507,6,Schweiz,HDM1000,1000,153.8
1969-12-31,ZPJ001969,Stadt Zürich (ab 1934),R30000,10120000001,Definitiv,35–39 Jahre alt,AMU0508,7,Schweiz,HDM1000,1000,20.2
1977-12-31,ZPJ001977,Stadt Zürich (ab 1934),R30000,10120000001,Definitiv,15–24 Jahre alt,AMU5039,39,Ausland,HDM2000,2000,77.9
1910-12-31,ZPJ001910,Stadt Zürich (ab 1934),R30000,10120000001,Definitiv,25–29 Jahre alt,AMU0506,5,Schweiz,HDM1000,1000,126.1
1986-12-31,ZPJ001986,Stadt Zürich (ab 1934),R30000,10120000001,Definitiv,25–29 Jahre alt,AMU0506,5,Ausland,HDM2000,2000,83.4
2001-12-31,ZPJ002001,Stadt Zürich (ab 1934),R30000,10120000001,Definitiv,35–39 Jahre alt,AMU0508,7,Schweiz,HDM1000,1000,43.8
1969-12-31,ZPJ001969,Stadt Zürich (ab 1934),R30000,10120000001,Definitiv,30–34 Jahre alt,AMU0507,6,Ausland,HDM2000,2000,83.6
2016-12-31,ZPJ002016,Stadt Zürich (ab 1934),R30000,10120000001,Definitiv,15–24 Jahre alt,AMU5039,39,Ausland,HDM2000,2000,34.1
2004-12-31,ZPJ002004,Stadt Zürich (ab 1934),R30000,10120000001,Definitiv,15–24 Jahre alt,AMU5039,39,Ausland,HDM2000,2000,60.0
2024-12-31,ZPJ002024,Stadt Zürich (ab 1934),R30000,10120000001,Definitiv,25–29 Jahre alt,AMU0506,5,Ausland,HDM2000,2000,27.9
1999-12-31,ZPJ001999,Stadt Zürich (ab 1934),R30000,10120000001,Definitiv,40–49 Jahre alt,AMU1005,4,Schweiz,HDM1000,1000,4.2
1972-12-31,ZPJ001972,Stadt Zürich (ab 1934),R30000,10120000001,Definitiv,30–34 Jahre alt,AMU0507,6,Schweiz,HDM1000,1000,47.5
2020-12-31,ZPJ002020,Stadt Zürich (ab 1934),R30000,10120000001,Definitiv,40–49 Jahre alt,AMU1005,4,Ausland,HDM2000,2000,19.5
1968-12-31,ZPJ001968,Stadt Zürich (ab 1934),R30000,10120000001,Definitiv,40–49 Jahre alt,AMU1005,4,Schweiz,HDM1000,1000,2.7
1989-12-31,ZPJ001989,Stadt Zürich (ab 1934),R30000,10120000001,Definitiv,30–34 Jahre alt,AMU0507,6,Ausland,HDM2000,2000,76.2
2000-12-31,ZPJ002000,Stadt Zürich (ab 1934),R30000,10120000001,Definitiv,40–49 Jahre alt,AMU1005,4,Ausland,HDM2000,2000,5.6
1990-12-31,ZPJ001990,Stadt Zürich (ab 1934),R30000,10120000001,Definitiv,25–29 Jahre alt,AMU0506,5,Schweiz,HDM1000,1000,58.1
2019-12-31,ZPJ002019,Stadt Zürich (ab 1934),R30000,10120000001,Definitiv,25–29 Jahre alt,AMU0506,5,Ausland,HDM2000,2000,44.3
1973-12-31,ZPJ001973,Stadt Zürich (ab 1934),R30000,10120000001,Definitiv,30–34 Jahre alt,AMU0507,6,Ausland,HDM2000,2000,77.0
1982-12-31,ZPJ001982,Stadt Zürich (ab 1934),R30000,10120000001,Definitiv,30–34 Jahre alt,AMU0507,6,Schweiz,HDM1000,1000,61.5
1974-12-31,ZPJ001974,Stadt Zürich (ab 1934),R30000,10120000001,Definitiv,40–49 Jahre alt,AMU1005,4,Schweiz,HDM1000,1000,0.9
1971-12-31,ZPJ001971,Stadt Zürich (ab 1934),R30000,10120000001,Definitiv,40–49 Jahre alt,AMU1005,4,Schweiz,HDM1000,1000,2.1
2007-12-31,ZPJ002007,Stadt Zürich (ab 1934),R30000,10120000001,Definitiv,35–39 Jahre alt,AMU0508,7,Ausland,HDM2000,2000,67.9
2005-12-31,ZPJ002005,Stadt Zürich (ab 1934),R30000,10120000001,Definitiv,25–29 Jahre alt,AMU0506,5,Ausland,HDM2000,2000,81.7
1930-12-31,ZPJ001930,Stadt Zürich (ab 1934),R30000,10120000001,Definitiv,40–49 Jahre alt,AMU1005,4,Ausland,HDM2000,2000,2.6
2023-12-31,ZPJ002023,Stadt Zürich (ab 1934),R30000,10120000001,Definitiv,40–49 Jahre alt,AMU1005,4,Schweiz,HDM1000,1000,10.2
2020-12-31,ZPJ002020,Stadt Zürich (ab 1934),R30000,10120000001,Definitiv,25–29 Jahre alt,AMU0506,5,Schweiz,HDM1000,1000,25.7
2006-12-31,ZPJ002006,Stadt Zürich (ab 1934),R30000,10120000001,Definitiv,25–29 Jahre alt,AMU0506,5,Schweiz,HDM1000,1000,32.8
1986-12-31,ZPJ001986,Stadt Zürich (ab 1934),R30000,10120000001,Definitiv,25–29 Jahre alt,AMU0506,5,Schweiz,HDM1000,1000,66.7
1989-12-31,ZPJ001989,Stadt Zürich (ab 1934),R30000,10120000001,Definitiv,35–39 Jahre alt,AMU0508,7,Ausland,HDM2000,2000,30.8
2007-12-31,ZPJ002007,Stadt Zürich (ab 1934),R30000,10120000001,Definitiv,30–34 Jahre alt,AMU0507,6,Ausland,HDM2000,2000,82.4
1920-12-31,ZPJ001920,Stadt Zürich (ab 1934),R30000,10120000001,Definitiv,35–39 Jahre alt,AMU0508,7,Schweiz,HDM1000,1000,39.9
1968-12-31,ZPJ001968,Stadt Zürich (ab 1934),R30000,10120000001,Definitiv,35–39 Jahre alt,AMU0508,7,Ausland,HDM2000,2000,49.6
1986-12-31,ZPJ001986,Stadt Zürich (ab 1934),R30000,10120000001,Definitiv,15–24 Jahre alt,AMU5039,39,Schweiz,HDM1000,1000,19.3
1970-12-31,ZPJ001970,Stadt Zürich (ab 1934),R30000,10120000001,Definitiv,25–29 Jahre alt,AMU0506,5,Schweiz,HDM1000,1000,73.0
1900-12-31,ZPJ001900,Stadt Zürich (ab 1934),R30000,10120000001,Definitiv,15–24 Jahre alt,AMU5039,39,Ausland,HDM2000,2000,79.0
1991-12-31,ZPJ001991,Stadt Zürich (ab 1934),R30000,10120000001,Definitiv,25–29 Jahre alt,AMU0506,5,Schweiz,HDM1000,1000,59.5
1900-12-31,ZPJ001900,Stadt Zürich (ab 1934),R30000,10120000001,Definitiv,25–29 Jahre alt,AMU0506,5,Schweiz,HDM1000,1000,191.3
2002-12-31,ZPJ002002,Stadt Zürich (ab 1934),R30000,10120000001,Definitiv,30–34 Jahre alt,AMU0507,6,Ausland,HDM2000,2000,77.8
1975-12-31,ZPJ001975,Stadt Zürich (ab 1934),R30000,10120000001,Definitiv,25–29 Jahre alt,AMU0506,5,Ausland,HDM2000,2000,119.4
1996-12-31,ZPJ001996,Stadt Zürich (ab 1934),R30000,10120000001,Definitiv,25–29 Jahre alt,AMU0506,5,Ausland,HDM2000,2000,99.4
2002-12-31,ZPJ002002,Stadt Zürich (ab 1934),R30000,10120000001,Definitiv,25–29 Jahre alt,AMU0506,5,Schweiz,HDM1000,1000,28.5
1950-12-31,ZPJ001950,Stadt Zürich (ab 1934),R30000,10120000001,Definitiv,25–29 Jahre alt,AMU0506,5,Schweiz,HDM1000,1000,124.5
1900-12-31,ZPJ001900,Stadt Zürich (ab 1934),R30000,10120000001,Definitiv,30–34 Jahre alt,AMU0507,6,Ausland,HDM2000,2000,178.2
1970-12-31,ZPJ001970,Stadt Zürich (ab 1934),R30000,10120000001,Definitiv,25–29 Jahre alt,AMU0506,5,Ausland,HDM2000,2000,107.4
1989-12-31,ZPJ001989,Stadt Zürich (ab 1934),R30000,10120000001,Definitiv,15–24 Jahre alt,AMU5039,39,Ausland,HDM2000,2000,43.6
2010-12-31,ZPJ002010,Stadt Zürich (ab 1934),R30000,10120000001,Definitiv,25–29 Jahre alt,AMU0506,5,Ausland,HDM2000,2000,56.9
2013-12-31,ZPJ002013,Stadt Zürich (ab 1934),R30000,10120000001,Definitiv,40–49 Jahre alt,AMU1005,4,Ausland,HDM2000,2000,15.2
1999-12-31,ZPJ001999,Stadt Zürich (ab 1934),R30000,10120000001,Definitiv,25–29 Jahre alt,AMU0506,5,Schweiz,HDM1000,1000,36.0
2016-12-31,ZPJ002016,Stadt Zürich (ab 1934),R30000,10120000001,Definitiv,25–29 Jahre alt,AMU0506,5,Schweiz,HDM1000,1000,31.0
2015-12-31,ZPJ002015,Stadt Zürich (ab 1934),R30000,10120000001,Definitiv,25–29 Jahre alt,AMU0506,5,Schweiz,HDM1000,1000,30.4
1970-12-31,ZPJ001970,Stadt Zürich (ab 1934),R30000,10120000001,Definitiv,15–24 Jahre alt,AMU5039,39,Schweiz,HDM1000,1000,29.6
2007-12-31,ZPJ002007,Stadt Zürich (ab 1934),R30000,10120000001,Definitiv,25–29 Jahre alt,AMU0506,5,Ausland,HDM2000,2000,60.3
2009-12-31,ZPJ002009,Stadt Zürich (ab 1934),R30000,10120000001,Definitiv,25–29 Jahre alt,AMU0506,5,Schweiz,HDM1000,1000,32.9
2022-12-31,ZPJ002022,Stadt Zürich (ab 1934),R30000,10120000001,Definitiv,15–24 Jahre alt,AMU5039,39,Schweiz,HDM1000,1000,3.4
1989-12-31,ZPJ001989,Stadt Zürich (ab 1934),R30000,10120000001,Definitiv,25–29 Jahre alt,AMU0506,5,Ausland,HDM2000,2000,81.5
2019-12-31,ZPJ002019,Stadt Zürich (ab 1934),R30000,10120000001,Definitiv,40–49 Jahre alt,AMU1005,4,Ausland,HDM2000,2000,18.5
1970-12-31,ZPJ001970,Stadt Zürich (ab 1934),R30000,10120000001,Definitiv,15–24 Jahre alt,AMU5039,39,Ausland,HDM2000,2000,97.8
1979-12-31,ZPJ001979,Stadt Zürich (ab 1934),R30000,10120000001,Definitiv,30–34 Jahre alt,AMU0507,6,Ausland,HDM2000,2000,68.8
1974-12-31,ZPJ001974,Stadt Zürich (ab 1934),R30000,10120000001,Definitiv,30–34 Jahre alt,AMU0507,6,Schweiz,HDM1000,1000,43.5
2003-12-31,ZPJ002003,Stadt Zürich (ab 1934),R30000,10120000001,Definitiv,25–29 Jahre alt,AMU0506,5,Ausland,HDM2000,2000,77.8
2019-12-31,ZPJ002019,Stadt Zürich (ab 1934),R30000,10120000001,Definitiv,15–24 Jahre alt,AMU5039,39,Ausland,HDM2000,2000,24.8
2013-12-31,ZPJ002013,Stadt Zürich (ab 1934),R30000,10120000001,Definitiv,25–29 Jahre alt,AMU0506,5,Ausland,HDM2000,2000,53.6
1975-12-31,ZPJ001975,Stadt Zürich (ab 1934),R30000,10120000001,Definitiv,40–49 Jahre alt,AMU1005,4,Ausland,HDM2000,2000,3.5
2012-12-31,ZPJ002012,Stadt Zürich (ab 1934),R30000,10120000001,Definitiv,40–49 Jahre alt,AMU1005,4,Schweiz,HDM1000,1000,10.2
2022-12-31,ZPJ002022,Stadt Zürich (ab 1934),R30000,10120000001,Definitiv,40–49 Jahre alt,AMU1005,4,Ausland,HDM2000,2000,17.4
1997-12-31,ZPJ001997,Stadt Zürich (ab 1934),R30000,10120000001,Definitiv,35–39 Jahre alt,AMU0508,7,Schweiz,HDM1000,1000,37.3
1990-12-31,ZPJ001990,Stadt Zürich (ab 1934),R30000,10120000001,Definitiv,30–34 Jahre alt,AMU0507,6,Schweiz,HDM1000,1000,70.3
1978-12-31,ZPJ001978,Stadt Zürich (ab 1934),R30000,10120000001,Definitiv,15–24 Jahre alt,AMU5039,39,Schweiz,HDM1000,1000,19.3
1971-12-31,ZPJ001971,Stadt Zürich (ab 1934),R30000,10120000001,Definitiv,30–34 Jahre alt,AMU0507,6,Schweiz,HDM1000,1000,48.8
2009-12-31,ZPJ002009,Stadt Zürich (ab 1934),R30000,10120000001,Definitiv,35–39 Jahre alt,AMU0508,7,Schweiz,HDM1000,1000,82.2
2018-12-31,ZPJ002018,Stadt Zürich (ab 1934),R30000,10120000001,Definitiv,40–49 Jahre alt,AMU1005,4,Schweiz,HDM1000,1000,11.4
2010-12-31,ZPJ002010,Stadt Zürich (ab 1934),R30000,10120000001,Definitiv,30–34 Jahre alt,AMU0507,6,Ausland,HDM2000,2000,90.3
2009-12-31,ZPJ002009,Stadt Zürich (ab 1934),R30000,10120000001,Definitiv,25–29 Jahre alt,AMU0506,5,Ausland,HDM2000,2000,61.9
1978-12-31,ZPJ001978,Stadt Zürich (ab 1934),R30000,10120000001,Definitiv,35–39 Jahre alt,AMU0508,7,Schweiz,HDM1000,1000,13.5
1976-12-31,ZPJ001976,Stadt Zürich (ab 1934),R30000,10120000001,Definitiv,25–29 Jahre alt,AMU0506,5,Schweiz,HDM1000,1000,57.9
1992-12-31,ZPJ001992,Stadt Zürich (ab 1934),R30000,10120000001,Definitiv,30–34 Jahre alt,AMU0507,6,Schweiz,HDM1000,1000,68.0
1983-12-31,ZPJ001983,Stadt Zürich (ab 1934),R30000,10120000001,Definitiv,15–24 Jahre alt,AMU5039,39,Schweiz,HDM1000,1000,19.9
1987-12-31,ZPJ001987,Stadt Zürich (ab 1934),R30000,10120000001,Definitiv,35–39 Jahre alt,AMU0508,7,Ausland,HDM2000,2000,25.2
1967-12-31,ZPJ001967,Stadt Zürich (ab 1934),R30000,10120000001,Definitiv,25–29 Jahre alt,AMU0506,5,Schweiz,HDM1000,1000,94.2
2000-12-31,ZPJ002000,Stadt Zürich (ab 1934),R30000,10120000001,Definitiv,15–24 Jahre alt,AMU5039,39,Ausland,HDM2000,2000,77.7
1984-12-31,ZPJ001984,Stadt Zürich (ab 1934),R30000,10120000001,Definitiv,35–39 Jahre alt,AMU0508,7,Schweiz,HDM1000,1000,21.2
1972-12-31,ZPJ001972,Stadt Zürich (ab 1934),R30000,10120000001,Definitiv,35–39 Jahre alt,AMU0508,7,Ausland,HDM2000,2000,44.4
2004-12-31,ZPJ002004,Stadt Zürich (ab 1934),R30000,10120000001,Definitiv,40–49 Jahre alt,AMU1005,4,Ausland,HDM2000,2000,6.2
1986-12-31,ZPJ001986,Stadt Zürich (ab 1934),R30000,10120000001,Definitiv,15–24 Jahre alt,AMU5039,39,Ausland,HDM2000,2000,50.8
1997-12-31,ZPJ001997,Stadt Zürich (ab 1934),R30000,10120000001,Definitiv,30–34 Jahre alt,AMU0507,6,Schweiz,HDM1000,1000,60.5
2001-12-31,ZPJ002001,Stadt Zürich (ab 1934),R30000,10120000001,Definitiv,15–24 Jahre alt,AMU5039,39,Ausland,HDM2000,2000,72.0
1930-12-31,ZPJ001930,Stadt Zürich (ab 1934),R30000,10120000001,Definitiv,40–49 Jahre alt,AMU1005,4,Schweiz,HDM1000,1000,5.2
1900-12-31,ZPJ001900,Stadt Zürich (ab 1934),R30000,10120000001,Definitiv,25–29 Jahre alt,AMU0506,5,Ausland,HDM2000,2000,193.0
1900-12-31,ZPJ001900,Stadt Zürich (ab 1934),R30000,10120000001,Definitiv,40–49 Jahre alt,AMU1005,4,Schweiz,HDM1000,1000,22.0
2020-12-31,ZPJ002020,Stadt Zürich (ab 1934),R30000,10120000001,Definitiv,35–39 Jahre alt,AMU0508,7,Schweiz,HDM1000,1000,84.6
2010-12-31,ZPJ002010,Stadt Zürich (ab 1934),R30000,10120000001,Definitiv,35–39 Jahre alt,AMU0508,7,Ausland,HDM2000,2000,77.3
2024-12-31,ZPJ002024,Stadt Zürich (ab 1934),R30000,10120000001,Definitiv,30–34 Jahre alt,AMU0507,6,Ausland,HDM2000,2000,69.6
1993-12-31,ZPJ001993,Stadt Zürich (ab 1934),R30000,10120000001,Definitiv,15–24 Jahre alt,AMU5039,39,Schweiz,HDM1000,1000,14.6
1984-12-31,ZPJ001984,Stadt Zürich (ab 1934),R30000,10120000001,Definitiv,25–29 Jahre alt,AMU0506,5,Schweiz,HDM1000,1000,71.8
1973-12-31,ZPJ001973,Stadt Zürich (ab 1934),R30000,10120000001,Definitiv,25–29 Jahre alt,AMU0506,5,Ausland,HDM2000,2000,118.1
2012-12-31,ZPJ002012,Stadt Zürich (ab 1934),R30000,10120000001,Definitiv,30–34 Jahre alt,AMU0507,6,Ausland,HDM2000,2000,87.9
2014-12-31,ZPJ002014,Stadt Zürich (ab 1934),R30000,10120000001,Definitiv,25–29 Jahre alt,AMU0506,5,Schweiz,HDM1000,1000,29.8
2014-12-31,ZPJ002014,Stadt Zürich (ab 1934),R30000,10120000001,Definitiv,30–34 Jahre alt,AMU0507,6,Schweiz,HDM1000,1000,88.1
1973-12-31,ZPJ001973,Stadt Zürich (ab 1934),R30000,10120000001,Definitiv,30–34 Jahre alt,AMU0507,6,Schweiz,HDM1000,1000,42.6
1977-12-31,ZPJ001977,Stadt Zürich (ab 1934),R30000,10120000001,Definitiv,30–34 Jahre alt,AMU0507,6,Schweiz,HDM1000,1000,39.4
1967-12-31,ZPJ001967,Stadt Zürich (ab 1934),R30000,10120000001,Definitiv,15–24 Jahre alt,AMU5039,39,Schweiz,HDM1000,1000,39.2
1971-12-31,ZPJ001971,Stadt Zürich (ab 1934),R30000,10120000001,Definitiv,15–24 Jahre alt,AMU5039,39,Ausland,HDM2000,2000,104.6
2023-12-31,ZPJ002023,Stadt Zürich (ab 1934),R30000,10120000001,Definitiv,30–34 Jahre alt,AMU0507,6,Schweiz,HDM1000,1000,75.2
1994-12-31,ZPJ001994,Stadt Zürich (ab 1934),R30000,10120000001,Definitiv,30–34 Jahre alt,AMU0507,6,Schweiz,HDM1000,1000,69.5
2022-12-31,ZPJ002022,Stadt Zürich (ab 1934),R30000,10120000001,Definitiv,35–39 Jahre alt,AMU0508,7,Schweiz,HDM1000,1000,78.2
1988-12-31,ZPJ001988,Stadt Zürich (ab 1934),R30000,10120000001,Definitiv,30–34 Jahre alt,AMU0507,6,Schweiz,HDM1000,1000,67.4
1941-12-31,ZPJ001941,Stadt Zürich (ab 1934),R30000,10120000001,Definitiv,40–49 Jahre alt,AMU1005,4,Ausland,HDM2000,2000,1.9
2011-12-31,ZPJ002011,Stadt Zürich (ab 1934),R30000,10120000001,Definitiv,35–39 Jahre alt,AMU0508,7,Schweiz,HDM1000,1000,85.5
1969-12-31,ZPJ001969,Stadt Zürich (ab 1934),R30000,10120000001,Definitiv,35–39 Jahre alt,AMU0508,7,Ausland,HDM2000,2000,42.6
1941-12-31,ZPJ001941,Stadt Zürich (ab 1934),R30000,10120000001,Definitiv,30–34 Jahre alt,AMU0507,6,Ausland,HDM2000,2000,52.2
2024-12-31,ZPJ002024,Stadt Zürich (ab 1934),R30000,10120000001,Definitiv,30–34 Jahre alt,AMU0507,6,Schweiz,HDM1000,1000,64.2
1966-12-31,ZPJ001966,Stadt Zürich (ab 1934),R30000,10120000001,Definitiv,40–49 Jahre alt,AMU1005,4,Ausland,HDM2000,2000,8.0
1985-12-31,ZPJ001985,Stadt Zürich (ab 1934),R30000,10120000001,Definitiv,35–39 Jahre alt,AMU0508,7,Schweiz,HDM1000,1000,24.3
1972-12-31,ZPJ001972,Stadt Zürich (ab 1934),R30000,10120000001,Definitiv,40–49 Jahre alt,AMU1005,4,Ausland,HDM2000,2000,7.9
1976-12-31,ZPJ001976,Stadt Zürich (ab 1934),R30000,10120000001,Definitiv,30–34 Jahre alt,AMU0507,6,Schweiz,HDM1000,1000,38.7
1978-12-31,ZPJ001978,Stadt Zürich (ab 1934),R30000,10120000001,Definitiv,40–49 Jahre alt,AMU1005,4,Ausland,HDM2000,2000,4.6
1985-12-31,ZPJ001985,Stadt Zürich (ab 1934),R30000,10120000001,Definitiv,15–24 Jahre alt,AMU5039,39,Schweiz,HDM1000,1000,20.1
1981-12-31,ZPJ001981,Stadt Zürich (ab 1934),R30000,10120000001,Definitiv,25–29 Jahre alt,AMU0506,5,Ausland,HDM2000,2000,100.8
2003-12-31,ZPJ002003,Stadt Zürich (ab 1934),R30000,10120000001,Definitiv,30–34 Jahre alt,AMU0507,6,Ausland,HDM2000,2000,79.6
2016-12-31,ZPJ002016,Stadt Zürich (ab 1934),R30000,10120000001,Definitiv,40–49 Jahre alt,AMU1005,4,Schweiz,HDM1000,1000,11.7
1989-12-31,ZPJ001989,Stadt Zürich (ab 1934),R30000,10120000001,Definitiv,40–49 Jahre alt,AMU1005,4,Schweiz,HDM1000,1000,1.9
1996-12-31,ZPJ001996,Stadt Zürich (ab 1934),R30000,10120000001,Definitiv,15–24 Jahre alt,AMU5039,39,Schweiz,HDM1000,1000,12.9
2006-12-31,ZPJ002006,Stadt Zürich (ab 1934),R30000,10120000001,Definitiv,40–49 Jahre alt,AMU1005,4,Ausland,HDM2000,2000,7.4
1969-12-31,ZPJ001969,Stadt Zürich (ab 1934),R30000,10120000001,Definitiv,25–29 Jahre alt,AMU0506,5,Schweiz,HDM1000,1000,75.7
1995-12-31,ZPJ001995,Stadt Zürich (ab 1934),R30000,10120000001,Definitiv,40–49 Jahre alt,AMU1005,4,Schweiz,HDM1000,1000,3.6
2014-12-31,ZPJ002014,Stadt Zürich (ab 1934),R30000,10120000001,Definitiv,40–49 Jahre alt,AMU1005,4,Ausland,HDM2000,2000,17.2
2022-12-31,ZPJ002022,Stadt Zürich (ab 1934),R30000,10120000001,Definitiv,35–39 Jahre alt,AMU0508,7,Ausland,HDM2000,2000,76.6
2001-12-31,ZPJ002001,Stadt Zürich (ab 1934),R30000,10120000001,Definitiv,30–34 Jahre alt,AMU0507,6,Ausland,HDM2000,2000,83.7
1987-12-31,ZPJ001987,Stadt Zürich (ab 1934),R30000,10120000001,Definitiv,30–34 Jahre alt,AMU0507,6,Schweiz,HDM1000,1000,63.3
1987-12-31,ZPJ001987,Stadt Zürich (ab 1934),R30000,10120000001,Definitiv,25–29 Jahre alt,AMU0506,5,Ausland,HDM2000,2000,93.2
2004-12-31,ZPJ002004,Stadt Zürich (ab 1934),R30000,10120000001,Definitiv,30–34 Jahre alt,AMU0507,6,Schweiz,HDM1000,1000,70.9
2005-12-31,ZPJ002005,Stadt Zürich (ab 1934),R30000,10120000001,Definitiv,40–49 Jahre alt,AMU1005,4,Ausland,HDM2000,2000,9.6
1968-12-31,ZPJ001968,Stadt Zürich (ab 1934),R30000,10120000001,Definitiv,30–34 Jahre alt,AMU0507,6,Schweiz,HDM1000,1000,54.1
2019-12-31,ZPJ002019,Stadt Zürich (ab 1934),R30000,10120000001,Definitiv,35–39 Jahre alt,AMU0508,7,Ausland,HDM2000,2000,82.8
1974-12-31,ZPJ001974,Stadt Zürich (ab 1934),R30000,10120000001,Definitiv,35–39 Jahre alt,AMU0508,7,Schweiz,HDM1000,1000,12.8
1960-12-31,ZPJ001960,Stadt Zürich (ab 1934),R30000,10120000001,Definitiv,30–34 Jahre alt,AMU0507,6,Ausland,HDM2000,2000,75.4
1974-12-31,ZPJ001974,Stadt Zürich (ab 1934),R30000,10120000001,Definitiv,25–29 Jahre alt,AMU0506,5,Schweiz,HDM1000,1000,60.1
1971-12-31,ZPJ001971,Stadt Zürich (ab 1934),R30000,10120000001,Definitiv,30–34 Jahre alt,AMU0507,6,Ausland,HDM2000,2000,83.5
1990-12-31,ZPJ001990,Stadt Zürich (ab 1934),R30000,10120000001,Definitiv,35–39 Jahre alt,AMU0508,7,Ausland,HDM2000,2000,31.4
1982-12-31,ZPJ001982,Stadt Zürich (ab 1934),R30000,10120000001,Definitiv,35–39 Jahre alt,AMU0508,7,Schweiz,HDM1000,1000,18.9
2021-12-31,ZPJ002021,Stadt Zürich (ab 1934),R30000,10120000001,Definitiv,40–49 Jahre alt,AMU1005,4,Ausland,HDM2000,2000,18.8
1989-12-31,ZPJ001989,Stadt Zürich (ab 1934),R30000,10120000001,Definitiv,25–29 Jahre alt,AMU0506,5,Schweiz,HDM1000,1000,61.3
2018-12-31,ZPJ002018,Stadt Zürich (ab 1934),R30000,10120000001,Definitiv,40–49 Jahre alt,AMU1005,4,Ausland,HDM2000,2000,18.9
1986-12-31,ZPJ001986,Stadt Zürich (ab 1934),R30000,10120000001,Definitiv,30–34 Jahre alt,AMU0507,6,Schweiz,HDM1000,1000,60.5
1987-12-31,ZPJ001987,Stadt Zürich (ab 1934),R30000,10120000001,Definitiv,15–24 Jahre alt,AMU5039,39,Ausland,HDM2000,2000,46.9
2023-12-31,ZPJ002023,Stadt Zürich (ab 1934),R30000,10120000001,Definitiv,25–29 Jahre alt,AMU0506,5,Schweiz,HDM1000,1000,18.2
2018-12-31,ZPJ002018,Stadt Zürich (ab 1934),R30000,10120000001,Definitiv,35–39 Jahre alt,AMU0508,7,Ausland,HDM2000,2000,91.6
1983-12-31,ZPJ001983,Stadt Zürich (ab 1934),R30000,10120000001,Definitiv,15–24 Jahre alt,AMU5039,39,Ausland,HDM2000,2000,54.5
2003-12-31,ZPJ002003,Stadt Zürich (ab 1934),R30000,10120000001,Definitiv,15–24 Jahre alt,AMU5039,39,Ausland,HDM2000,2000,69.9
2021-12-31,ZPJ002021,Stadt Zürich (ab 1934),R30000,10120000001,Definitiv,40–49 Jahre alt,AMU1005,4,Schweiz,HDM1000,1000,12.1
1950-12-31,ZPJ001950,Stadt Zürich (ab 1934),R30000,10120000001,Definitiv,40–49 Jahre alt,AMU1005,4,Ausland,HDM2000,2000,2.9
2000-12-31,ZPJ002000,Stadt Zürich (ab 1934),R30000,10120000001,Definitiv,30–34 Jahre alt,AMU0507,6,Schweiz,HDM1000,1000,63.7
2010-12-31,ZPJ002010,Stadt Zürich (ab 1934),R30000,10120000001,Definitiv,40–49 Jahre alt,AMU1005,4,Ausland,HDM2000,2000,10.7
1910-12-31,ZPJ001910,Stadt Zürich (ab 1934),R30000,10120000001,Definitiv,15–24 Jahre alt,AMU5039,39,Ausland,HDM2000,2000,71.7
1900-12-31,ZPJ001900,Stadt Zürich (ab 1934),R30000,10120000001,Definitiv,35–39 Jahre alt,AMU0508,7,Schweiz,HDM1000,1000,103.3
1992-12-31,ZPJ001992,Stadt Zürich (ab 1934),R30000,10120000001,Definitiv,15–24 Jahre alt,AMU5039,39,Schweiz,HDM1000,1000,16.7
1974-12-31,ZPJ001974,Stadt Zürich (ab 1934),R30000,10120000001,Definitiv,35–39 Jahre alt,AMU0508,7,Ausland,HDM2000,2000,32.6
1980-12-31,ZPJ001980,Stadt Zürich (ab 1934),R30000,10120000001,Definitiv,40–49 Jahre alt,AMU1005,4,Ausland,HDM2000,2000,4.2
2003-12-31,ZPJ002003,Stadt Zürich (ab 1934),R30000,10120000001,Definitiv,30–34 Jahre alt,AMU0507,6,Schweiz,HDM1000,1000,64.0
1991-12-31,ZPJ001991,Stadt Zürich (ab 1934),R30000,10120000001,Definitiv,30–34 Jahre alt,AMU0507,6,Ausland,HDM2000,2000,67.0
1969-12-31,ZPJ001969,Stadt Zürich (ab 1934),R30000,10120000001,Definitiv,25–29 Jahre alt,AMU0506,5,Ausland,HDM2000,2000,114.4
2005-12-31,ZPJ002005,Stadt Zürich (ab 1934),R30000,10120000001,Definitiv,15–24 Jahre alt,AMU5039,39,Schweiz,HDM1000,1000,11.5
2020-12-31,ZPJ002020,Stadt Zürich (ab 1934),R30000,10120000001,Definitiv,30–34 Jahre alt,AMU0507,6,Schweiz,HDM1000,1000,85.9
1973-12-31,ZPJ001973,Stadt Zürich (ab 1934),R30000,10120000001,Definitiv,15–24 Jahre alt,AMU5039,39,Ausland,HDM2000,2000,86.9
1960-12-31,ZPJ001960,Stadt Zürich (ab 1934),R30000,10120000001,Definitiv,40–49 Jahre alt,AMU1005,4,Ausland,HDM2000,2000,4.1
1983-12-31,ZPJ001983,Stadt Zürich (ab 1934),R30000,10120000001,Definitiv,35–39 Jahre alt,AMU0508,7,Ausland,HDM2000,2000,27.3
1974-12-31,ZPJ001974,Stadt Zürich (ab 1934),R30000,10120000001,Definitiv,40–49 Jahre alt,AMU1005,4,Ausland,HDM2000,2000,6.1
2006-12-31,ZPJ002006,Stadt Zürich (ab 1934),R30000,10120000001,Definitiv,40–49 Jahre alt,AMU1005,4,Schweiz,HDM1000,1000,7.9
1988-12-31,ZPJ001988,Stadt Zürich (ab 1934),R30000,10120000001,Definitiv,25–29 Jahre alt,AMU0506,5,Schweiz,HDM1000,1000,59.9
1990-12-31,ZPJ001990,Stadt Zürich (ab 1934),R30000,10120000001,Definitiv,15–24 Jahre alt,AMU5039,39,Schweiz,HDM1000,1000,15.5
1930-12-31,ZPJ001930,Stadt Zürich (ab 1934),R30000,10120000001,Definitiv,35–39 Jahre alt,AMU0508,7,Schweiz,HDM1000,1000,31.8
1988-12-31,ZPJ001988,Stadt Zürich (ab 1934),R30000,10120000001,Definitiv,40–49 Jahre alt,AMU1005,4,Ausland,HDM2000,2000,3.2
1977-12-31,ZPJ001977,Stadt Zürich (ab 1934),R30000,10120000001,Definitiv,15–24 Jahre alt,AMU5039,39,Schweiz,HDM1000,1000,17.1
1984-12-31,ZPJ001984,Stadt Zürich (ab 1934),R30000,10120000001,Definitiv,25–29 Jahre alt,AMU0506,5,Ausland,HDM2000,2000,83.4
1985-12-31,ZPJ001985,Stadt Zürich (ab 1934),R30000,10120000001,Definitiv,40–49 Jahre alt,AMU1005,4,Schweiz,HDM1000,1000,1.7
1968-12-31,ZPJ001968,Stadt Zürich (ab 1934),R30000,10120000001,Definitiv,25–29 Jahre alt,AMU0506,5,Ausland,HDM2000,2000,110.7
2023-12-31,ZPJ002023,Stadt Zürich (ab 1934),R30000,10120000001,Definitiv,35–39 Jahre alt,AMU0508,7,Schweiz,HDM1000,1000,71.0
1975-12-31,ZPJ001975,Stadt Zürich (ab 1934),R30000,10120000001,Definitiv,30–34 Jahre alt,AMU0507,6,Ausland,HDM2000,2000,81.4
1991-12-31,ZPJ001991,Stadt Zürich (ab 1934),R30000,10120000001,Definitiv,40–49 Jahre alt,AMU1005,4,Ausland,HDM2000,2000,3.3
1981-12-31,ZPJ001981,Stadt Zürich (ab 1934),R30000,10120000001,Definitiv,15–24 Jahre alt,AMU5039,39,Schweiz,HDM1000,1000,18.9
1998-12-31,ZPJ001998,Stadt Zürich (ab 1934),R30000,10120000001,Definitiv,30–34 Jahre alt,AMU0507,6,Schweiz,HDM1000,1000,62.4
1997-12-31,ZPJ001997,Stadt Zürich (ab 1934),R30000,10120000001,Definitiv,25–29 Jahre alt,AMU0506,5,Ausland,HDM2000,2000,94.9
1992-12-31,ZPJ001992,Stadt Zürich (ab 1934),R30000,10120000001,Definitiv,35–39 Jahre alt,AMU0508,7,Schweiz,HDM1000,1000,33.5
2021-12-31,ZPJ002021,Stadt Zürich (ab 1934),R30000,10120000001,Definitiv,15–24 Jahre alt,AMU5039,39,Ausland,HDM2000,2000,16.7
2023-12-31,ZPJ002023,Stadt Zürich (ab 1934),R30000,10120000001,Definitiv,40–49 Jahre alt,AMU1005,4,Ausland,HDM2000,2000,18.3
1981-12-31,ZPJ001981,Stadt Zürich (ab 1934),R30000,10120000001,Definitiv,30–34 Jahre alt,AMU0507,6,Ausland,HDM2000,2000,72.8
1920-12-31,ZPJ001920,Stadt Zürich (ab 1934),R30000,10120000001,Definitiv,35–39 Jahre alt,AMU0508,7,Ausland,HDM2000,2000,42.6
1970-12-31,ZPJ001970,Stadt Zürich (ab 1934),R30000,10120000001,Definitiv,35–39 Jahre alt,AMU0508,7,Ausland,HDM2000,2000,50.7
2017-12-31,ZPJ002017,Stadt Zürich (ab 1934),R30000,10120000001,Definitiv,35–39 Jahre alt,AMU0508,7,Schweiz,HDM1000,1000,82.4
1976-12-31,ZPJ001976,Stadt Zürich (ab 1934),R30000,10120000001,Definitiv,40–49 Jahre alt,AMU1005,4,Ausland,HDM2000,2000,5.4
1995-12-31,ZPJ001995,Stadt Zürich (ab 1934),R30000,10120000001,Definitiv,30–34 Jahre alt,AMU0507,6,Ausland,HDM2000,2000,81.5
1988-12-31,ZPJ001988,Stadt Zürich (ab 1934),R30000,10120000001,Definitiv,30–34 Jahre alt,AMU0507,6,Ausland,HDM2000,2000,64.6
2012-12-31,ZPJ002012,Stadt Zürich (ab 1934),R30000,10120000001,Definitiv,35–39 Jahre alt,AMU0508,7,Schweiz,HDM1000,1000,79.5
2019-12-31,ZPJ002019,Stadt Zürich (ab 1934),R30000,10120000001,Definitiv,25–29 Jahre alt,AMU0506,5,Schweiz,HDM1000,1000,25.8
1992-12-31,ZPJ001992,Stadt Zürich (ab 1934),R30000,10120000001,Definitiv,30–34 Jahre alt,AMU0507,6,Ausland,HDM2000,2000,74.7
1984-12-31,ZPJ001984,Stadt Zürich (ab 1934),R30000,10120000001,Definitiv,30–34 Jahre alt,AMU0507,6,Schweiz,HDM1000,1000,58.9
1992-12-31,ZPJ001992,Stadt Zürich (ab 1934),R30000,10120000001,Definitiv,40–49 Jahre alt,AMU1005,4,Schweiz,HDM1000,1000,3.8
2015-12-31,ZPJ002015,Stadt Zürich (ab 1934),R30000,10120000001,Definitiv,15–24 Jahre alt,AMU5039,39,Ausland,HDM2000,2000,38.7
2001-12-31,ZPJ002001,Stadt Zürich (ab 1934),R30000,10120000001,Definitiv,25–29 Jahre alt,AMU0506,5,Ausland,HDM2000,2000,84.4
2017-12-31,ZPJ002017,Stadt Zürich (ab 1934),R30000,10120000001,Definitiv,35–39 Jahre alt,AMU0508,7,Ausland,HDM2000,2000,94.9
1975-12-31,ZPJ001975,Stadt Zürich (ab 1934),R30000,10120000001,Definitiv,40–49 Jahre alt,AMU1005,4,Schweiz,HDM1000,1000,0.9
1989-12-31,ZPJ001989,Stadt Zürich (ab 1934),R30000,10120000001,Definitiv,30–34 Jahre alt,AMU0507,6,Schweiz,HDM1000,1000,64.7
1991-12-31,ZPJ001991,Stadt Zürich (ab 1934),R30000,10120000001,Definitiv,15–24 Jahre alt,AMU5039,39,Schweiz,HDM1000,1000,16.9
2013-12-31,ZPJ002013,Stadt Zürich (ab 1934),R30000,10120000001,Definitiv,15–24 Jahre alt,AMU5039,39,Schweiz,HDM1000,1000,9.1
1984-12-31,ZPJ001984,Stadt Zürich (ab 1934),R30000,10120000001,Definitiv,15–24 Jahre alt,AMU5039,39,Schweiz,HDM1000,1000,19.3
2021-12-31,ZPJ002021,Stadt Zürich (ab 1934),R30000,10120000001,Definitiv,35–39 Jahre alt,AMU0508,7,Ausland,HDM2000,2000,90.7
1973-12-31,ZPJ001973,Stadt Zürich (ab 1934),R30000,10120000001,Definitiv,15–24 Jahre alt,AMU5039,39,Schweiz,HDM1000,1000,18.7
2018-12-31,ZPJ002018,Stadt Zürich (ab 1934),R30000,10120000001,Definitiv,35–39 Jahre alt,AMU0508,7,Schweiz,HDM1000,1000,84.8
2011-12-31,ZPJ002011,Stadt Zürich (ab 1934),R30000,10120000001,Definitiv,40–49 Jahre alt,AMU1005,4,Schweiz,HDM1000,1000,11.2
1982-12-31,ZPJ001982,Stadt Zürich (ab 1934),R30000,10120000001,Definitiv,25–29 Jahre alt,AMU0506,5,Ausland,HDM2000,2000,98.9
1990-12-31,ZPJ001990,Stadt Zürich (ab 1934),R30000,10120000001,Definitiv,40–49 Jahre alt,AMU1005,4,Ausland,HDM2000,2000,0.7
1920-12-31,ZPJ001920,Stadt Zürich (ab 1934),R30000,10120000001,Definitiv,15–24 Jahre alt,AMU5039,39,Schweiz,HDM1000,1000,37.3
1982-12-31,ZPJ001982,Stadt Zürich (ab 1934),R30000,10120000001,Definitiv,30–34 Jahre alt,AMU0507,6,Ausland,HDM2000,2000,69.9
1910-12-31,ZPJ001910,Stadt Zürich (ab 1934),R30000,10120000001,Definitiv,40–49 Jahre alt,AMU1005,4,Ausland,HDM2000,2000,18.8
1941-12-31,ZPJ001941,Stadt Zürich (ab 1934),R30000,10120000001,Definitiv,25–29 Jahre alt,AMU0506,5,Schweiz,HDM1000,1000,102.3
1995-12-31,ZPJ001995,Stadt Zürich (ab 1934),R30000,10120000001,Definitiv,35–39 Jahre alt,AMU0508,7,Schweiz,HDM1000,1000,34.9
2014-12-31,ZPJ002014,Stadt Zürich (ab 1934),R30000,10120000001,Definitiv,35–39 Jahre alt,AMU0508,7,Schweiz,HDM1000,1000,84.0
1990-12-31,ZPJ001990,Stadt Zürich (ab 1934),R30000,10120000001,Definitiv,30–34 Jahre alt,AMU0507,6,Ausland,HDM2000,2000,78.8
2008-12-31,ZPJ002008,Stadt Zürich (ab 1934),R30000,10120000001,Definitiv,35–39 Jahre alt,AMU0508,7,Schweiz,HDM1000,1000,76.0
1972-12-31,ZPJ001972,Stadt Zürich (ab 1934),R30000,10120000001,Definitiv,15–24 Jahre alt,AMU5039,39,Schweiz,HDM1000,1000,20.6
2017-12-31,ZPJ002017,Stadt Zürich (ab 1934),R30000,10120000001,Definitiv,15–24 Jahre alt,AMU5039,39,Schweiz,HDM1000,1000,6.6
2000-12-31,ZPJ002000,Stadt Zürich (ab 1934),R30000,10120000001,Definitiv,25–29 Jahre alt,AMU0506,5,Schweiz,HDM1000,1000,33.5
1991-12-31,ZPJ001991,Stadt Zürich (ab 1934),R30000,10120000001,Definitiv,25–29 Jahre alt,AMU0506,5,Ausland,HDM2000,2000,91.2
1986-12-31,ZPJ001986,Stadt Zürich (ab 1934),R30000,10120000001,Definitiv,40–49 Jahre alt,AMU1005,4,Schweiz,HDM1000,1000,1.8
1972-12-31,ZPJ001972,Stadt Zürich (ab 1934),R30000,10120000001,Definitiv,25–29 Jahre alt,AMU0506,5,Schweiz,HDM1000,1000,65.2
2002-12-31,ZPJ002002,Stadt Zürich (ab 1934),R30000,10120000001,Definitiv,35–39 Jahre alt,AMU0508,7,Schweiz,HDM1000,1000,43.5
1920-12-31,ZPJ001920,Stadt Zürich (ab 1934),R30000,10120000001,Definitiv,40–49 Jahre alt,AMU1005,4,Schweiz,HDM1000,1000,7.5
1920-12-31,ZPJ001920,Stadt Zürich (ab 1934),R30000,10120000001,Definitiv,15–24 Jahre alt,AMU5039,39,Ausland,HDM2000,2000,14.9
1978-12-31,ZPJ001978,Stadt Zürich (ab 1934),R30000,10120000001,Definitiv,25–29 Jahre alt,AMU0506,5,Schweiz,HDM1000,1000,65.4
1999-12-31,ZPJ001999,Stadt Zürich (ab 1934),R30000,10120000001,Definitiv,30–34 Jahre alt,AMU0507,6,Ausland,HDM2000,2000,78.9
1982-12-31,ZPJ001982,Stadt Zürich (ab 1934),R30000,10120000001,Definitiv,35–39 Jahre alt,AMU0508,7,Ausland,HDM2000,2000,30.5
2008-12-31,ZPJ002008,Stadt Zürich (ab 1934),R30000,10120000001,Definitiv,15–24 Jahre alt,AMU5039,39,Ausland,HDM2000,2000,46.8
1971-12-31,ZPJ001971,Stadt Zürich (ab 1934),R30000,10120000001,Definitiv,15–24 Jahre alt,AMU5039,39,Schweiz,HDM1000,1000,23.4
1941-12-31,ZPJ001941,Stadt Zürich (ab 1934),R30000,10120000001,Definitiv,30–34 Jahre alt,AMU0507,6,Schweiz,HDM1000,1000,80.5
2019-12-31,ZPJ002019,Stadt Zürich (ab 1934),R30000,10120000001,Definitiv,40–49 Jahre alt,AMU1005,4,Schweiz,HDM1000,1000,12.0
2024-12-31,ZPJ002024,Stadt Zürich (ab 1934),R30000,10120000001,Definitiv,35–39 Jahre alt,AMU0508,7,Ausland,HDM2000,2000,77.1
1894-12-31,ZPJ001894,Stadt Zürich (ab 1934),R30000,10120000001,Definitiv,30–34 Jahre alt,AMU0507,6,Ausland,HDM2000,2000,188.3
1993-12-31,ZPJ001993,Stadt Zürich (ab 1934),R30000,10120000001,Definitiv,15–24 Jahre alt,AMU5039,39,Ausland,HDM2000,2000,57.2
1995-12-31,ZPJ001995,Stadt Zürich (ab 1934),R30000,10120000001,Definitiv,15–24 Jahre alt,AMU5039,39,Ausland,HDM2000,2000,61.1
1980-12-31,ZPJ001980,Stadt Zürich (ab 1934),R30000,10120000001,Definitiv,25–29 Jahre alt,AMU0506,5,Schweiz,HDM1000,1000,67.4
1982-12-31,ZPJ001982,Stadt Zürich (ab 1934),R30000,10120000001,Definitiv,15–24 Jahre alt,AMU5039,39,Ausland,HDM2000,2000,58.0
2015-12-31,ZPJ002015,Stadt Zürich (ab 1934),R30000,10120000001,Definitiv,40–49 Jahre alt,AMU1005,4,Schweiz,HDM1000,1000,10.4
2021-12-31,ZPJ002021,Stadt Zürich (ab 1934),R30000,10120000001,Definitiv,25–29 Jahre alt,AMU0506,5,Ausland,HDM2000,2000,40.0
1981-12-31,ZPJ001981,Stadt Zürich (ab 1934),R30000,10120000001,Definitiv,35–39 Jahre alt,AMU0508,7,Ausland,HDM2000,2000,32.9
1994-12-31,ZPJ001994,Stadt Zürich (ab 1934),R30000,10120000001,Definitiv,15–24 Jahre alt,AMU5039,39,Ausland,HDM2000,2000,65.2
1994-12-31,ZPJ001994,Stadt Zürich (ab 1934),R30000,10120000001,Definitiv,25–29 Jahre alt,AMU0506,5,Ausland,HDM2000,2000,92.4
1976-12-31,ZPJ001976,Stadt Zürich (ab 1934),R30000,10120000001,Definitiv,30–34 Jahre alt,AMU0507,6,Ausland,HDM2000,2000,82.4
1999-12-31,ZPJ001999,Stadt Zürich (ab 1934),R30000,10120000001,Definitiv,15–24 Jahre alt,AMU5039,39,Ausland,HDM2000,2000,75.4
1997-12-31,ZPJ001997,Stadt Zürich (ab 1934),R30000,10120000001,Definitiv,15–24 Jahre alt,AMU5039,39,Schweiz,HDM1000,1000,12.2
2017-12-31,ZPJ002017,Stadt Zürich (ab 1934),R30000,10120000001,Definitiv,25–29 Jahre alt,AMU0506,5,Ausland,HDM2000,2000,49.5
2023-12-31,ZPJ002023,Stadt Zürich (ab 1934),R30000,10120000001,Definitiv,25–29 Jahre alt,AMU0506,5,Ausland,HDM2000,2000,27.5
1988-12-31,ZPJ001988,Stadt Zürich (ab 1934),R30000,10120000001,Definitiv,15–24 Jahre alt,AMU5039,39,Schweiz,HDM1000,1000,16.8
1950-12-31,ZPJ001950,Stadt Zürich (ab 1934),R30000,10120000001,Definitiv,15–24 Jahre alt,AMU5039,39,Ausland,HDM2000,2000,22.9
1960-12-31,ZPJ001960,Stadt Zürich (ab 1934),R30000,10120000001,Definitiv,15–24 Jahre alt,AMU5039,39,Schweiz,HDM1000,1000,50.9
1977-12-31,ZPJ001977,Stadt Zürich (ab 1934),R30000,10120000001,Definitiv,25–29 Jahre alt,AMU0506,5,Ausland,HDM2000,2000,127.6
1996-12-31,ZPJ001996,Stadt Zürich (ab 1934),R30000,10120000001,Definitiv,35–39 Jahre alt,AMU0508,7,Ausland,HDM2000,2000,38.1
2001-12-31,ZPJ002001,Stadt Zürich (ab 1934),R30000,10120000001,Definitiv,35–39 Jahre alt,AMU0508,7,Ausland,HDM2000,2000,46.6
1995-12-31,ZPJ001995,Stadt Zürich (ab 1934),R30000,10120000001,Definitiv,40–49 Jahre alt,AMU1005,4,Ausland,HDM2000,2000,3.1
2021-12-31,ZPJ002021,Stadt Zürich (ab 1934),R30000,10120000001,Definitiv,30–34 Jahre alt,AMU0507,6,Ausland,HDM2000,2000,86.4
1977-12-31,ZPJ001977,Stadt Zürich (ab 1934),R30000,10120000001,Definitiv,30–34 Jahre alt,AMU0507,6,Ausland,HDM2000,2000,85.0
1967-12-31,ZPJ001967,Stadt Zürich (ab 1934),R30000,10120000001,Definitiv,25–29 Jahre alt,AMU0506,5,Ausland,HDM2000,2000,120.1
2018-12-31,ZPJ002018,Stadt Zürich (ab 1934),R30000,10120000001,Definitiv,30–34 Jahre alt,AMU0507,6,Ausland,HDM2000,2000,86.3
1974-12-31,ZPJ001974,Stadt Zürich (ab 1934),R30000,10120000001,Definitiv,25–29 Jahre alt,AMU0506,5,Ausland,HDM2000,2000,118.9
2005-12-31,ZPJ002005,Stadt Zürich (ab 1934),R30000,10120000001,Definitiv,35–39 Jahre alt,AMU0508,7,Ausland,HDM2000,2000,52.3
1977-12-31,ZPJ001977,Stadt Zürich (ab 1934),R30000,10120000001,Definitiv,40–49 Jahre alt,AMU1005,4,Ausland,HDM2000,2000,4.1
1970-12-31,ZPJ001970,Stadt Zürich (ab 1934),R30000,10120000001,Definitiv,40–49 Jahre alt,AMU1005,4,Ausland,HDM2000,2000,5.1
1985-12-31,ZPJ001985,Stadt Zürich (ab 1934),R30000,10120000001,Definitiv,30–34 Jahre alt,AMU0507,6,Ausland,HDM2000,2000,63.0
1976-12-31,ZPJ001976,Stadt Zürich (ab 1934),R30000,10120000001,Definitiv,15–24 Jahre alt,AMU5039,39,Schweiz,HDM1000,1000,17.1
1950-12-31,ZPJ001950,Stadt Zürich (ab 1934),R30000,10120000001,Definitiv,40–49 Jahre alt,AMU1005,4,Schweiz,HDM1000,1000,5.6
1972-12-31,ZPJ001972,Stadt Zürich (ab 1934),R30000,10120000001,Definitiv,30–34 Jahre alt,AMU0507,6,Ausland,HDM2000,2000,80.4
2001-12-31,ZPJ002001,Stadt Zürich (ab 1934),R30000,10120000001,Definitiv,15–24 Jahre alt,AMU5039,39,Schweiz,HDM1000,1000,11.3
1976-12-31,ZPJ001976,Stadt Zürich (ab 1934),R30000,10120000001,Definitiv,35–39 Jahre alt,AMU0508,7,Ausland,HDM2000,2000,30.4
1990-12-31,ZPJ001990,Stadt Zürich (ab 1934),R30000,10120000001,Definitiv,15–24 Jahre alt,AMU5039,39,Ausland,HDM2000,2000,42.5
1983-12-31,ZPJ001983,Stadt Zürich (ab 1934),R30000,10120000001,Definitiv,40–49 Jahre alt,AMU1005,4,Schweiz,HDM1000,1000,1.6
1971-12-31,ZPJ001971,Stadt Zürich (ab 1934),R30000,10120000001,Definitiv,40–49 Jahre alt,AMU1005,4,Ausland,HDM2000,2000,7.1
1975-12-31,ZPJ001975,Stadt Zürich (ab 1934),R30000,10120000001,Definitiv,25–29 Jahre alt,AMU0506,5,Schweiz,HDM1000,1000,55.6
1971-12-31,ZPJ001971,Stadt Zürich (ab 1934),R30000,10120000001,Definitiv,25–29 Jahre alt,AMU0506,5,Ausland,HDM2000,2000,116.9
2002-12-31,ZPJ002002,Stadt Zürich (ab 1934),R30000,10120000001,Definitiv,40–49 Jahre alt,AMU1005,4,Ausland,HDM2000,2000,6.2
1982-12-31,ZPJ001982,Stadt Zürich (ab 1934),R30000,10120000001,Definitiv,25–29 Jahre alt,AMU0506,5,Schweiz,HDM1000,1000,68.5
2002-12-31,ZPJ002002,Stadt Zürich (ab 1934),R30000,10120000001,Definitiv,15–24 Jahre alt,AMU5039,39,Ausland,HDM2000,2000,65.7
1998-12-31,ZPJ001998,Stadt Zürich (ab 1934),R30000,10120000001,Definitiv,35–39 Jahre alt,AMU0508,7,Ausland,HDM2000,2000,49.0
2008-12-31,ZPJ002008,Stadt Zürich (ab 1934),R30000,10120000001,Definitiv,40–49 Jahre alt,AMU1005,4,Schweiz,HDM1000,1000,10.2
2022-12-31,ZPJ002022,Stadt Zürich (ab 1934),R30000,10120000001,Definitiv,25–29 Jahre alt,AMU0506,5,Schweiz,HDM1000,1000,20.6
2020-12-31,ZPJ002020,Stadt Zürich (ab 1934),R30000,10120000001,Definitiv,25–29 Jahre alt,AMU0506,5,Ausland,HDM2000,2000,40.5
1979-12-31,ZPJ001979,Stadt Zürich (ab 1934),R30000,10120000001,Definitiv,35–39 Jahre alt,AMU0508,7,Schweiz,HDM1000,1000,14.2
1998-12-31,ZPJ001998,Stadt Zürich (ab 1934),R30000,10120000001,Definitiv,40–49 Jahre alt,AMU1005,4,Ausland,HDM2000,2000,5.2
1982-12-31,ZPJ001982,Stadt Zürich (ab 1934),R30000,10120000001,Definitiv,40–49 Jahre alt,AMU1005,4,Ausland,HDM2000,2000,3.5
1998-12-31,ZPJ001998,Stadt Zürich (ab 1934),R30000,10120000001,Definitiv,35–39 Jahre alt,AMU0508,7,Schweiz,HDM1000,1000,37.2
2008-12-31,ZPJ002008,Stadt Zürich (ab 1934),R30000,10120000001,Definitiv,30–34 Jahre alt,AMU0507,6,Schweiz,HDM1000,1000,82.6
1983-12-31,ZPJ001983,Stadt Zürich (ab 1934),R30000,10120000001,Definitiv,35–39 Jahre alt,AMU0508,7,Schweiz,HDM1000,1000,21.7
1996-12-31,ZPJ001996,Stadt Zürich (ab 1934),R30000,10120000001,Definitiv,30–34 Jahre alt,AMU0507,6,Schweiz,HDM1000,1000,63.8
2013-12-31,ZPJ002013,Stadt Zürich (ab 1934),R30000,10120000001,Definitiv,40–49 Jahre alt,AMU1005,4,Schweiz,HDM1000,1000,10.7
1930-12-31,ZPJ001930,Stadt Zürich (ab 1934),R30000,10120000001,Definitiv,30–34 Jahre alt,AMU0507,6,Schweiz,HDM1000,1000,66.0
1990-12-31,ZPJ001990,Stadt Zürich (ab 1934),R30000,10120000001,Definitiv,35–39 Jahre alt,AMU0508,7,Schweiz,HDM1000,1000,27.9
1894-12-31,ZPJ001894,Stadt Zürich (ab 1934),R30000,10120000001,Definitiv,15–24 Jahre alt,AMU5039,39,Schweiz,HDM1000,1000,58.0
1976-12-31,ZPJ001976,Stadt Zürich (ab 1934),R30000,10120000001,Definitiv,25–29 Jahre alt,AMU0506,5,Ausland,HDM2000,2000,121.0
2007-12-31,ZPJ002007,Stadt Zürich (ab 1934),R30000,10120000001,Definitiv,30–34 Jahre alt,AMU0507,6,Schweiz,HDM1000,1000,75.9
1977-12-31,ZPJ001977,Stadt Zürich (ab 1934),R30000,10120000001,Definitiv,35–39 Jahre alt,AMU0508,7,Schweiz,HDM1000,1000,13.4
1985-12-31,ZPJ001985,Stadt Zürich (ab 1934),R30000,10120000001,Definitiv,35–39 Jahre alt,AMU0508,7,Ausland,HDM2000,2000,19.7
1975-12-31,ZPJ001975,Stadt Zürich (ab 1934),R30000,10120000001,Definitiv,15–24 Jahre alt,AMU5039,39,Ausland,HDM2000,2000,96.0
1995-12-31,ZPJ001995,Stadt Zürich (ab 1934),R30000,10120000001,Definitiv,25–29 Jahre alt,AMU0506,5,Schweiz,HDM1000,1000,46.5
1910-12-31,ZPJ001910,Stadt Zürich (ab 1934),R30000,10120000001,Definitiv,30–34 Jahre alt,AMU0507,6,Ausland,HDM2000,2000,113.8
2008-12-31,ZPJ002008,Stadt Zürich (ab 1934),R30000,10120000001,Definitiv,40–49 Jahre alt,AMU1005,4,Ausland,HDM2000,2000,11.6
1973-12-31,ZPJ001973,Stadt Zürich (ab 1934),R30000,10120000001,Definitiv,35–39 Jahre alt,AMU0508,7,Ausland,HDM2000,2000,43.5
1979-12-31,ZPJ001979,Stadt Zürich (ab 1934),R30000,10120000001,Definitiv,25–29 Jahre alt,AMU0506,5,Schweiz,HDM1000,1000,66.6
2000-12-31,ZPJ002000,Stadt Zürich (ab 1934),R30000,10120000001,Definitiv,40–49 Jahre alt,AMU1005,4,Schweiz,HDM1000,1000,6.0
2016-12-31,ZPJ002016,Stadt Zürich (ab 1934),R30000,10120000001,Definitiv,15–24 Jahre alt,AMU5039,39,Schweiz,HDM1000,1000,6.6
2014-12-31,ZPJ002014,Stadt Zürich (ab 1934),R30000,10120000001,Definitiv,35–39 Jahre alt,AMU0508,7,Ausland,HDM2000,2000,87.1
1993-12-31,ZPJ001993,Stadt Zürich (ab 1934),R30000,10120000001,Definitiv,40–49 Jahre alt,AMU1005,4,Schweiz,HDM1000,1000,2.9
1975-12-31,ZPJ001975,Stadt Zürich (ab 1934),R30000,10120000001,Definitiv,35–39 Jahre alt,AMU0508,7,Schweiz,HDM1000,1000,11.2
1966-12-31,ZPJ001966,Stadt Zürich (ab 1934),R30000,10120000001,Definitiv,35–39 Jahre alt,AMU0508,7,Ausland,HDM2000,2000,47.3
2024-12-31,ZPJ002024,Stadt Zürich (ab 1934),R30000,10120000001,Definitiv,15–24 Jahre alt,AMU5039,39,Schweiz,HDM1000,1000,5.1
1979-12-31,ZPJ001979,Stadt Zürich (ab 1934),R30000,10120000001,Definitiv,25–29 Jahre alt,AMU0506,5,Ausland,HDM2000,2000,89.5
1994-12-31,ZPJ001994,Stadt Zürich (ab 1934),R30000,10120000001,Definitiv,35–39 Jahre alt,AMU0508,7,Schweiz,HDM1000,1000,35.5
1970-12-31,ZPJ001970,Stadt Zürich (ab 1934),R30000,10120000001,Definitiv,40–49 Jahre alt,AMU1005,4,Schweiz,HDM1000,1000,1.8
1973-12-31,ZPJ001973,Stadt Zürich (ab 1934),R30000,10120000001,Definitiv,25–29 Jahre alt,AMU0506,5,Schweiz,HDM1000,1000,63.4
2024-12-31,ZPJ002024,Stadt Zürich (ab 1934),R30000,10120000001,Definitiv,40–49 Jahre alt,AMU1005,4,Schweiz,HDM1000,1000,10.5
1980-12-31,ZPJ001980,Stadt Zürich (ab 1934),R30000,10120000001,Definitiv,25–29 Jahre alt,AMU0506,5,Ausland,HDM2000,2000,91.4
2005-12-31,ZPJ002005,Stadt Zürich (ab 1934),R30000,10120000001,Definitiv,30–34 Jahre alt,AMU0507,6,Ausland,HDM2000,2000,84.7
2003-12-31,ZPJ002003,Stadt Zürich (ab 1934),R30000,10120000001,Definitiv,15–24 Jahre alt,AMU5039,39,Schweiz,HDM1000,1000,10.4
2006-12-31,ZPJ002006,Stadt Zürich (ab 1934),R30000,10120000001,Definitiv,15–24 Jahre alt,AMU5039,39,Ausland,HDM2000,2000,58.4
1969-12-31,ZPJ001969,Stadt Zürich (ab 1934),R30000,10120000001,Definitiv,40–49 Jahre alt,AMU1005,4,Schweiz,HDM1000,1000,2.4
1994-12-31,ZPJ001994,Stadt Zürich (ab 1934),R30000,10120000001,Definitiv,25–29 Jahre alt,AMU0506,5,Schweiz,HDM1000,1000,51.8
1967-12-31,ZPJ001967,Stadt Zürich (ab 1934),R30000,10120000001,Definitiv,30–34 Jahre alt,AMU0507,6,Ausland,HDM2000,2000,82.4
1981-12-31,ZPJ001981,Stadt Zürich (ab 1934),R30000,10120000001,Definitiv,40–49 Jahre alt,AMU1005,4,Schweiz,HDM1000,1000,1.3
1950-12-31,ZPJ001950,Stadt Zürich (ab 1934),R30000,10120000001,Definitiv,15–24 Jahre alt,AMU5039,39,Schweiz,HDM1000,1000,55.7
2004-12-31,ZPJ002004,Stadt Zürich (ab 1934),R30000,10120000001,Definitiv,40–49 Jahre alt,AMU1005,4,Schweiz,HDM1000,1000,6.8
1972-12-31,ZPJ001972,Stadt Zürich (ab 1934),R30000,10120000001,Definitiv,35–39 Jahre alt,AMU0508,7,Schweiz,HDM1000,1000,17.0
2014-12-31,ZPJ002014,Stadt Zürich (ab 1934),R30000,10120000001,Definitiv,40–49 Jahre alt,AMU1005,4,Schweiz,HDM1000,1000,10.8
1998-12-31,ZPJ001998,Stadt Zürich (ab 1934),R30000,10120000001,Definitiv,30–34 Jahre alt,AMU0507,6,Ausland,HDM2000,2000,87.9
1988-12-31,ZPJ001988,Stadt Zürich (ab 1934),R30000,10120000001,Definitiv,35–39 Jahre alt,AMU0508,7,Ausland,HDM2000,2000,25.2
1894-12-31,ZPJ001894,Stadt Zürich (ab 1934),R30000,10120000001,Definitiv,25–29 Jahre alt,AMU0506,5,Ausland,HDM2000,2000,195.0
1970-12-31,ZPJ001970,Stadt Zürich (ab 1934),R30000,10120000001,Definitiv,35–39 Jahre alt,AMU0508,7,Schweiz,HDM1000,1000,20.8
1971-12-31,ZPJ001971,Stadt Zürich (ab 1934),R30000,10120000001,Definitiv,25–29 Jahre alt,AMU0506,5,Schweiz,HDM1000,1000,69.2
2020-12-31,ZPJ002020,Stadt Zürich (ab 1934),R30000,10120000001,Definitiv,35–39 Jahre alt,AMU0508,7,Ausland,HDM2000,2000,86.9
1992-12-31,ZPJ001992,Stadt Zürich (ab 1934),R30000,10120000001,Definitiv,35–39 Jahre alt,AMU0508,7,Ausland,HDM2000,2000,37.9
1996-12-31,ZPJ001996,Stadt Zürich (ab 1934),R30000,10120000001,Definitiv,15–24 Jahre alt,AMU5039,39,Ausland,HDM2000,2000,68.4
1968-12-31,ZPJ001968,Stadt Zürich (ab 1934),R30000,10120000001,Definitiv,15–24 Jahre alt,AMU5039,39,Schweiz,HDM1000,1000,38.4
2007-12-31,ZPJ002007,Stadt Zürich (ab 1934),R30000,10120000001,Definitiv,35–39 Jahre alt,AMU0508,7,Schweiz,HDM1000,1000,71.8
1978-12-31,ZPJ001978,Stadt Zürich (ab 1934),R30000,10120000001,Definitiv,30–34 Jahre alt,AMU0507,6,Schweiz,HDM1000,1000,50.3
1930-12-31,ZPJ001930,Stadt Zürich (ab 1934),R30000,10120000001,Definitiv,15–24 Jahre alt,AMU5039,39,Schweiz,HDM1000,1000,33.5
1930-12-31,ZPJ001930,Stadt Zürich (ab 1934),R30000,10120000001,Definitiv,15–24 Jahre alt,AMU5039,39,Ausland,HDM2000,2000,22.4
1997-12-31,ZPJ001997,Stadt Zürich (ab 1934),R30000,10120000001,Definitiv,35–39 Jahre alt,AMU0508,7,Ausland,HDM2000,2000,44.3
1894-12-31,ZPJ001894,Stadt Zürich (ab 1934),R30000,10120000001,Definitiv,35–39 Jahre alt,AMU0508,7,Schweiz,HDM1000,1000,96.5
1985-12-31,ZPJ001985,Stadt Zürich (ab 1934),R30000,10120000001,Definitiv,15–24 Jahre alt,AMU5039,39,Ausland,HDM2000,2000,53.7
1995-12-31,ZPJ001995,Stadt Zürich (ab 1934),R30000,10120000001,Definitiv,35–39 Jahre alt,AMU0508,7,Ausland,HDM2000,2000,31.4
1996-12-31,ZPJ001996,Stadt Zürich (ab 1934),R30000,10120000001,Definitiv,40–49 Jahre alt,AMU1005,4,Ausland,HDM2000,2000,2.9
2022-12-31,ZPJ002022,Stadt Zürich (ab 1934),R30000,10120000001,Definitiv,30–34 Jahre alt,AMU0507,6,Ausland,HDM2000,2000,77.9
1950-12-31,ZPJ001950,Stadt Zürich (ab 1934),R30000,10120000001,Definitiv,35–39 Jahre alt,AMU0508,7,Schweiz,HDM1000,1000,38.7
2000-12-31,ZPJ002000,Stadt Zürich (ab 1934),R30000,10120000001,Definitiv,30–34 Jahre alt,AMU0507,6,Ausland,HDM2000,2000,87.6
2003-12-31,ZPJ002003,Stadt Zürich (ab 1934),R30000,10120000001,Definitiv,40–49 Jahre alt,AMU1005,4,Ausland,HDM2000,2000,6.2
1950-12-31,ZPJ001950,Stadt Zürich (ab 1934),R30000,10120000001,Definitiv,25–29 Jahre alt,AMU0506,5,Ausland,HDM2000,2000,37.5
1976-12-31,ZPJ001976,Stadt Zürich (ab 1934),R30000,10120000001,Definitiv,15–24 Jahre alt,AMU5039,39,Ausland,HDM2000,2000,90.9
1984-12-31,ZPJ001984,Stadt Zürich (ab 1934),R30000,10120000001,Definitiv,40–49 Jahre alt,AMU1005,4,Ausland,HDM2000,2000,2.0
2023-12-31,ZPJ002023,Stadt Zürich (ab 1934),R30000,10120000001,Definitiv,30–34 Jahre alt,AMU0507,6,Ausland,HDM2000,2000,72.0
1981-12-31,ZPJ001981,Stadt Zürich (ab 1934),R30000,10120000001,Definitiv,35–39 Jahre alt,AMU0508,7,Schweiz,HDM1000,1000,18.2
1996-12-31,ZPJ001996,Stadt Zürich (ab 1934),R30000,10120000001,Definitiv,35–39 Jahre alt,AMU0508,7,Schweiz,HDM1000,1000,37.8
2017-12-31,ZPJ002017,Stadt Zürich (ab 1934),R30000,10120000001,Definitiv,40–49 Jahre alt,AMU1005,4,Schweiz,HDM1000,1000,10.9
2011-12-31,ZPJ002011,Stadt Zürich (ab 1934),R30000,10120000001,Definitiv,30–34 Jahre alt,AMU0507,6,Schweiz,HDM1000,1000,91.4
1980-12-31,ZPJ001980,Stadt Zürich (ab 1934),R30000,10120000001,Definitiv,15–24 Jahre alt,AMU5039,39,Ausland,HDM2000,2000,57.2
1966-12-31,ZPJ001966,Stadt Zürich (ab 1934),R30000,10120000001,Definitiv,25–29 Jahre alt,AMU0506,5,Schweiz,HDM1000,1000,96.2
2012-12-31,ZPJ002012,Stadt Zürich (ab 1934),R30000,10120000001,Definitiv,30–34 Jahre alt,AMU0507,6,Schweiz,HDM1000,1000,85.5
1968-12-31,ZPJ001968,Stadt Zürich (ab 1934),R30000,10120000001,Definitiv,40–49 Jahre alt,AMU1005,4,Ausland,HDM2000,2000,10.1
2019-12-31,ZPJ002019,Stadt Zürich (ab 1934),R30000,10120000001,Definitiv,30–34 Jahre alt,AMU0507,6,Ausland,HDM2000,2000,87.2
1920-12-31,ZPJ001920,Stadt Zürich (ab 1934),R30000,10120000001,Definitiv,40–49 Jahre alt,AMU1005,4,Ausland,HDM2000,2000,10.7
2002-12-31,ZPJ002002,Stadt Zürich (ab 1934),R30000,10120000001,Definitiv,35–39 Jahre alt,AMU0508,7,Ausland,HDM2000,2000,55.4
2007-12-31,ZPJ002007,Stadt Zürich (ab 1934),R30000,10120000001,Definitiv,40–49 Jahre alt,AMU1005,4,Ausland,HDM2000,2000,9.4
1894-12-31,ZPJ001894,Stadt Zürich (ab 1934),R30000,10120000001,Definitiv,35–39 Jahre alt,AMU0508,7,Ausland,HDM2000,2000,130.0
2004-12-31,ZPJ002004,Stadt Zürich (ab 1934),R30000,10120000001,Definitiv,25–29 Jahre alt,AMU0506,5,Schweiz,HDM1000,1000,30.7
1968-12-31,ZPJ001968,Stadt Zürich (ab 1934),R30000,10120000001,Definitiv,25–29 Jahre alt,AMU0506,5,Schweiz,HDM1000,1000,86.5
1985-12-31,ZPJ001985,Stadt Zürich (ab 1934),R30000,10120000001,Definitiv,25–29 Jahre alt,AMU0506,5,Ausland,HDM2000,2000,91.9
2006-12-31,ZPJ002006,Stadt Zürich (ab 1934),R30000,10120000001,Definitiv,35–39 Jahre alt,AMU0508,7,Schweiz,HDM1000,1000,62.6
1993-12-31,ZPJ001993,Stadt Zürich (ab 1934),R30000,10120000001,Definitiv,40–49 Jahre alt,AMU1005,4,Ausland,HDM2000,2000,4.0
1900-12-31,ZPJ001900,Stadt Zürich (ab 1934),R30000,10120000001,Definitiv,40–49 Jahre alt,AMU1005,4,Ausland,HDM2000,2000,32.2
1999-12-31,ZPJ001999,Stadt Zürich (ab 1934),R30000,10120000001,Definitiv,30–34 Jahre alt,AMU0507,6,Schweiz,HDM1000,1000,62.5
1983-12-31,ZPJ001983,Stadt Zürich (ab 1934),R30000,10120000001,Definitiv,25–29 Jahre alt,AMU0506,5,Schweiz,HDM1000,1000,70.0
1974-12-31,ZPJ001974,Stadt Zürich (ab 1934),R30000,10120000001,Definitiv,15–24 Jahre alt,AMU5039,39,Schweiz,HDM1000,1000,17.1
1972-12-31,ZPJ001972,Stadt Zürich (ab 1934),R30000,10120000001,Definitiv,40–49 Jahre alt,AMU1005,4,Schweiz,HDM1000,1000,1.6
2022-12-31,ZPJ002022,Stadt Zürich (ab 1934),R30000,10120000001,Definitiv,25–29 Jahre alt,AMU0506,5,Ausland,HDM2000,2000,29.7
1997-12-31,ZPJ001997,Stadt Zürich (ab 1934),R30000,10120000001,Definitiv,25–29 Jahre alt,AMU0506,5,Schweiz,HDM1000,1000,44.0
1984-12-31,ZPJ001984,Stadt Zürich (ab 1934),R30000,10120000001,Definitiv,30–34 Jahre alt,AMU0507,6,Ausland,HDM2000,2000,61.6
1973-12-31,ZPJ001973,Stadt Zürich (ab 1934),R30000,10120000001,Definitiv,40–49 Jahre alt,AMU1005,4,Schweiz,HDM1000,1000,1.2
1978-12-31,ZPJ001978,Stadt Zürich (ab 1934),R30000,10120000001,Definitiv,30–34 Jahre alt,AMU0507,6,Ausland,HDM2000,2000,67.8
2021-12-31,ZPJ002021,Stadt Zürich (ab 1934),R30000,10120000001,Definitiv,30–34 Jahre alt,AMU0507,6,Schweiz,HDM1000,1000,90.9
1894-12-31,ZPJ001894,Stadt Zürich (ab 1934),R30000,10120000001,Definitiv,15–24 Jahre alt,AMU5039,39,Ausland,HDM2000,2000,77.7
1993-12-31,ZPJ001993,Stadt Zürich (ab 1934),R30000,10120000001,Definitiv,25–29 Jahre alt,AMU0506,5,Schweiz,HDM1000,1000,53.2
1993-12-31,ZPJ001993,Stadt Zürich (ab 1934),R30000,10120000001,Definitiv,35–39 Jahre alt,AMU0508,7,Ausland,HDM2000,2000,36.8
2002-12-31,ZPJ002002,Stadt Zürich (ab 1934),R30000,10120000001,Definitiv,15–24 Jahre alt,AMU5039,39,Schweiz,HDM1000,1000,12.0
1988-12-31,ZPJ001988,Stadt Zürich (ab 1934),R30000,10120000001,Definitiv,15–24 Jahre alt,AMU5039,39,Ausland,HDM2000,2000,49.3
2012-12-31,ZPJ002012,Stadt Zürich (ab 1934),R30000,10120000001,Definitiv,40–49 Jahre alt,AMU1005,4,Ausland,HDM2000,2000,13.8
1998-12-31,ZPJ001998,Stadt Zürich (ab 1934),R30000,10120000001,Definitiv,25–29 Jahre alt,AMU0506,5,Ausland,HDM2000,2000,97.7
1988-12-31,ZPJ001988,Stadt Zürich (ab 1934),R30000,10120000001,Definitiv,35–39 Jahre alt,AMU0508,7,Schweiz,HDM1000,1000,28.1
2012-12-31,ZPJ002012,Stadt Zürich (ab 1934),R30000,10120000001,Definitiv,35–39 Jahre alt,AMU0508,7,Ausland,HDM2000,2000,76.0
1996-12-31,ZPJ001996,Stadt Zürich (ab 1934),R30000,10120000001,Definitiv,40–49 Jahre alt,AMU1005,4,Schweiz,HDM1000,1000,3.5
2010-12-31,ZPJ002010,Stadt Zürich (ab 1934),R30000,10120000001,Definitiv,35–39 Jahre alt,AMU0508,7,Schweiz,HDM1000,1000,80.5
1977-12-31,ZPJ001977,Stadt Zürich (ab 1934),R30000,10120000001,Definitiv,35–39 Jahre alt,AMU0508,7,Ausland,HDM2000,2000,40.3
1972-12-31,ZPJ001972,Stadt Zürich (ab 1934),R30000,10120000001,Definitiv,15–24 Jahre alt,AMU5039,39,Ausland,HDM2000,2000,99.0
2023-12-31,ZPJ002023,Stadt Zürich (ab 1934),R30000,10120000001,Definitiv,35–39 Jahre alt,AMU0508,7,Ausland,HDM2000,2000,82.6
2007-12-31,ZPJ002007,Stadt Zürich (ab 1934),R30000,10120000001,Definitiv,15–24 Jahre alt,AMU5039,39,Ausland,HDM2000,2000,48.7
1979-12-31,ZPJ001979,Stadt Zürich (ab 1934),R30000,10120000001,Definitiv,40–49 Jahre alt,AMU1005,4,Ausland,HDM2000,2000,5.1
1982-12-31,ZPJ001982,Stadt Zürich (ab 1934),R30000,10120000001,Definitiv,15–24 Jahre alt,AMU5039,39,Schweiz,HDM1000,1000,18.7
2001-12-31,ZPJ002001,Stadt Zürich (ab 1934),R30000,10120000001,Definitiv,30–34 Jahre alt,AMU0507,6,Schweiz,HDM1000,1000,60.5
2021-12-31,ZPJ002021,Stadt Zürich (ab 1934),R30000,10120000001,Definitiv,15–24 Jahre alt,AMU5039,39,Schweiz,HDM1000,1000,5.8
2013-12-31,ZPJ002013,Stadt Zürich (ab 1934),R30000,10120000001,Definitiv,15–24 Jahre alt,AMU5039,39,Ausland,HDM2000,2000,38.9
2007-12-31,ZPJ002007,Stadt Zürich (ab 1934),R30000,10120000001,Definitiv,25–29 Jahre alt,AMU0506,5,Schweiz,HDM1000,1000,29.7
2006-12-31,ZPJ002006,Stadt Zürich (ab 1934),R30000,10120000001,Definitiv,30–34 Jahre alt,AMU0507,6,Schweiz,HDM1000,1000,77.0
2001-12-31,ZPJ002001,Stadt Zürich (ab 1934),R30000,10120000001,Definitiv,40–49 Jahre alt,AMU1005,4,Ausland,HDM2000,2000,3.9
1894-12-31,ZPJ001894,Stadt Zürich (ab 1934),R30000,10120000001,Definitiv,30–34 Jahre alt,AMU0507,6,Schweiz,HDM1000,1000,153.4
1966-12-31,ZPJ001966,Stadt Zürich (ab 1934),R30000,10120000001,Definitiv,30–34 Jahre alt,AMU0507,6,Ausland,HDM2000,2000,82.1
2002-12-31,ZPJ002002,Stadt Zürich (ab 1934),R30000,10120000001,Definitiv,40–49 Jahre alt,AMU1005,4,Schweiz,HDM1000,1000,5.3
1930-12-31,ZPJ001930,Stadt Zürich (ab 1934),R30000,10120000001,Definitiv,25–29 Jahre alt,AMU0506,5,Ausland,HDM2000,2000,51.1
1970-12-31,ZPJ001970,Stadt Zürich (ab 1934),R30000,10120000001,Definitiv,30–34 Jahre alt,AMU0507,6,Ausland,HDM2000,2000,74.8
2004-12-31,ZPJ002004,Stadt Zürich (ab 1934),R30000,10120000001,Definitiv,35–39 Jahre alt,AMU0508,7,Schweiz,HDM1000,1000,54.2
1997-12-31,ZPJ001997,Stadt Zürich (ab 1934),R30000,10120000001,Definitiv,30–34 Jahre alt,AMU0507,6,Ausland,HDM2000,2000,85.2
1966-12-31,ZPJ001966,Stadt Zürich (ab 1934),R30000,10120000001,Definitiv,40–49 Jahre alt,AMU1005,4,Schweiz,HDM1000,1000,3.2
1920-12-31,ZPJ001920,Stadt Zürich (ab 1934),R30000,10120000001,Definitiv,25–29 Jahre alt,AMU0506,5,Ausland,HDM2000,2000,53.1
2020-12-31,ZPJ002020,Stadt Zürich (ab 1934),R30000,10120000001,Definitiv,15–24 Jahre alt,AMU5039,39,Ausland,HDM2000,2000,20.9
1974-12-31,ZPJ001974,Stadt Zürich (ab 1934),R30000,10120000001,Definitiv,15–24 Jahre alt,AMU5039,39,Ausland,HDM2000,2000,84.7
1987-12-31,ZPJ001987,Stadt Zürich (ab 1934),R30000,10120000001,Definitiv,40–49 Jahre alt,AMU1005,4,Ausland,HDM2000,2000,2.8
2005-12-31,ZPJ002005,Stadt Zürich (ab 1934),R30000,10120000001,Definitiv,15–24 Jahre alt,AMU5039,39,Ausland,HDM2000,2000,54.8
1967-12-31,ZPJ001967,Stadt Zürich (ab 1934),R30000,10120000001,Definitiv,40–49 Jahre alt,AMU1005,4,Schweiz,HDM1000,1000,3.4
1992-12-31,ZPJ001992,Stadt Zürich (ab 1934),R30000,10120000001,Definitiv,15–24 Jahre alt,AMU5039,39,Ausland,HDM2000,2000,48.3
1998-12-31,ZPJ001998,Stadt Zürich (ab 1934),R30000,10120000001,Definitiv,40–49 Jahre alt,AMU1005,4,Schweiz,HDM1000,1000,4.0
1974-12-31,ZPJ001974,Stadt Zürich (ab 1934),R30000,10120000001,Definitiv,30–34 Jahre alt,AMU0507,6,Ausland,HDM2000,2000,84.9
1983-12-31,ZPJ001983,Stadt Zürich (ab 1934),R30000,10120000001,Definitiv,25–29 Jahre alt,AMU0506,5,Ausland,HDM2000,2000,82.3
2018-12-31,ZPJ002018,Stadt Zürich (ab 1934),R30000,10120000001,Definitiv,15–24 Jahre alt,AMU5039,39,Ausland,HDM2000,2000,29.4
2001-12-31,ZPJ002001,Stadt Zürich (ab 1934),R30000,10120000001,Definitiv,25–29 Jahre alt,AMU0506,5,Schweiz,HDM1000,1000,30.0
1982-12-31,ZPJ001982,Stadt Zürich (ab 1934),R30000,10120000001,Definitiv,40–49 Jahre alt,AMU1005,4,Schweiz,HDM1000,1000,1.6
2015-12-31,ZPJ002015,Stadt Zürich (ab 1934),R30000,10120000001,Definitiv,15–24 Jahre alt,AMU5039,39,Schweiz,HDM1000,1000,8.1
2023-12-31,ZPJ002023,Stadt Zürich (ab 1934),R30000,10120000001,Definitiv,15–24 Jahre alt,AMU5039,39,Schweiz,HDM1000,1000,4.9
1977-12-31,ZPJ001977,Stadt Zürich (ab 1934),R30000,10120000001,Definitiv,25–29 Jahre alt,AMU0506,5,Schweiz,HDM1000,1000,57.8
1966-12-31,ZPJ001966,Stadt Zürich (ab 1934),R30000,10120000001,Definitiv,30–34 Jahre alt,AMU0507,6,Schweiz,HDM1000,1000,66.2
2016-12-31,ZPJ002016,Stadt Zürich (ab 1934),R30000,10120000001,Definitiv,25–29 Jahre alt,AMU0506,5,Ausland,HDM2000,2000,49.2
2005-12-31,ZPJ002005,Stadt Zürich (ab 1934),R30000,10120000001,Definitiv,40–49 Jahre alt,AMU1005,4,Schweiz,HDM1000,1000,7.8
2011-12-31,ZPJ002011,Stadt Zürich (ab 1934),R30000,10120000001,Definitiv,25–29 Jahre alt,AMU0506,5,Schweiz,HDM1000,1000,33.4
2013-12-31,ZPJ002013,Stadt Zürich (ab 1934),R30000,10120000001,Definitiv,35–39 Jahre alt,AMU0508,7,Ausland,HDM2000,2000,82.8
1991-12-31,ZPJ001991,Stadt Zürich (ab 1934),R30000,10120000001,Definitiv,30–34 Jahre alt,AMU0507,6,Schweiz,HDM1000,1000,70.4
2010-12-31,ZPJ002010,Stadt Zürich (ab 1934),R30000,10120000001,Definitiv,15–24 Jahre alt,AMU5039,39,Ausland,HDM2000,2000,37.2
1960-12-31,ZPJ001960,Stadt Zürich (ab 1934),R30000,10120000001,Definitiv,25–29 Jahre alt,AMU0506,5,Schweiz,HDM1000,1000,127.5
1966-12-31,ZPJ001966,Stadt Zürich (ab 1934),R30000,10120000001,Definitiv,25–29 Jahre alt,AMU0506,5,Ausland,HDM2000,2000,115.8
1984-12-31,ZPJ001984,Stadt Zürich (ab 1934),R30000,10120000001,Definitiv,40–49 Jahre alt,AMU1005,4,Schweiz,HDM1000,1000,2.0
2011-12-31,ZPJ002011,Stadt Zürich (ab 1934),R30000,10120000001,Definitiv,25–29 Jahre alt,AMU0506,5,Ausland,HDM2000,2000,56.5
1941-12-31,ZPJ001941,Stadt Zürich (ab 1934),R30000,10120000001,Definitiv,25–29 Jahre alt,AMU0506,5,Ausland,HDM2000,2000,52.9
1979-12-31,ZPJ001979,Stadt Zürich (ab 1934),R30000,10120000001,Definitiv,15–24 Jahre alt,AMU5039,39,Schweiz,HDM1000,1000,18.9
2008-12-31,ZPJ002008,Stadt Zürich (ab 1934),R30000,10120000001,Definitiv,15–24 Jahre alt,AMU5039,39,Schweiz,HDM1000,1000,11.0
2014-12-31,ZPJ002014,Stadt Zürich (ab 1934),R30000,10120000001,Definitiv,15–24 Jahre alt,AMU5039,39,Schweiz,HDM1000,1000,9.9
1969-12-31,ZPJ001969,Stadt Zürich (ab 1934),R30000,10120000001,Definitiv,30–34 Jahre alt,AMU0507,6,Schweiz,HDM1000,1000,50.8
1993-12-31,ZPJ001993,Stadt Zürich (ab 1934),R30000,10120000001,Definitiv,35–39 Jahre alt,AMU0508,7,Schweiz,HDM1000,1000,35.9
1995-12-31,ZPJ001995,Stadt Zürich (ab 1934),R30000,10120000001,Definitiv,25–29 Jahre alt,AMU0506,5,Ausland,HDM2000,2000,100.3
1967-12-31,ZPJ001967,Stadt Zürich (ab 1934),R30000,10120000001,Definitiv,35–39 Jahre alt,AMU0508,7,Ausland,HDM2000,2000,55.6
2009-12-31,ZPJ002009,Stadt Zürich (ab 1934),R30000,10120000001,Definitiv,15–24 Jahre alt,AMU5039,39,Ausland,HDM2000,2000,47.2
1998-12-31,ZPJ001998,Stadt Zürich (ab 1934),R30000,10120000001,Definitiv,15–24 Jahre alt,AMU5039,39,Schweiz,HDM1000,1000,10.8
1976-12-31,ZPJ001976,Stadt Zürich (ab 1934),R30000,10120000001,Definitiv,35–39 Jahre alt,AMU0508,7,Schweiz,HDM1000,1000,11.1
2017-12-31,ZPJ002017,Stadt Zürich (ab 1934),R30000,10120000001,Definitiv,30–34 Jahre alt,AMU0507,6,Ausland,HDM2000,2000,89.3
2012-12-31,ZPJ002012,Stadt Zürich (ab 1934),R30000,10120000001,Definitiv,15–24 Jahre alt,AMU5039,39,Ausland,HDM2000,2000,42.0
1989-12-31,ZPJ001989,Stadt Zürich (ab 1934),R30000,10120000001,Definitiv,15–24 Jahre alt,AMU5039,39,Schweiz,HDM1000,1000,18.1
1941-12-31,ZPJ001941,Stadt Zürich (ab 1934),R30000,10120000001,Definitiv,35–39 Jahre alt,AMU0508,7,Ausland,HDM2000,2000,19.4
2008-12-31,ZPJ002008,Stadt Zürich (ab 1934),R30000,10120000001,Definitiv,35–39 Jahre alt,AMU0508,7,Ausland,HDM2000,2000,71.6
1920-12-31,ZPJ001920,Stadt Zürich (ab 1934),R30000,10120000001,Definitiv,30–34 Jahre alt,AMU0507,6,Schweiz,HDM1000,1000,74.2
1986-12-31,ZPJ001986,Stadt Zürich (ab 1934),R30000,10120000001,Definitiv,35–39 Jahre alt,AMU0508,7,Schweiz,HDM1000,1000,25.6
1992-12-31,ZPJ001992,Stadt Zürich (ab 1934),R30000,10120000001,Definitiv,40–49 Jahre alt,AMU1005,4,Ausland,HDM2000,2000,6.9
1988-12-31,ZPJ001988,Stadt Zürich (ab 1934),R30000,10120000001,Definitiv,25–29 Jahre alt,AMU0506,5,Ausland,HDM2000,2000,92.7
1978-12-31,ZPJ001978,Stadt Zürich (ab 1934),R30000,10120000001,Definitiv,15–24 Jahre alt,AMU5039,39,Ausland,HDM2000,2000,63.5
1950-12-31,ZPJ001950,Stadt Zürich (ab 1934),R30000,10120000001,Definitiv,30–34 Jahre alt,AMU0507,6,Ausland,HDM2000,2000,40.5
2022-12-31,ZPJ002022,Stadt Zürich (ab 1934),R30000,10120000001,Definitiv,15–24 Jahre alt,AMU5039,39,Ausland,HDM2000,2000,15.2
1991-12-31,ZPJ001991,Stadt Zürich (ab 1934),R30000,10120000001,Definitiv,35–39 Jahre alt,AMU0508,7,Schweiz,HDM1000,1000,32.2
1941-12-31,ZPJ001941,Stadt Zürich (ab 1934),R30000,10120000001,Definitiv,35–39 Jahre alt,AMU0508,7,Schweiz,HDM1000,1000,37.9
1992-12-31,ZPJ001992,Stadt Zürich (ab 1934),R30000,10120000001,Definitiv,25–29 Jahre alt,AMU0506,5,Ausland,HDM2000,2000,88.2
1996-12-31,ZPJ001996,Stadt Zürich (ab 1934),R30000,10120000001,Definitiv,30–34 Jahre alt,AMU0507,6,Ausland,HDM2000,2000,74.6
2017-12-31,ZPJ002017,Stadt Zürich (ab 1934),R30000,10120000001,Definitiv,30–34 Jahre alt,AMU0507,6,Schweiz,HDM1000,1000,82.6
1990-12-31,ZPJ001990,Stadt Zürich (ab 1934),R30000,10120000001,Definitiv,40–49 Jahre alt,AMU1005,4,Schweiz,HDM1000,1000,1.8
2000-12-31,ZPJ002000,Stadt Zürich (ab 1934),R30000,10120000001,Definitiv,35–39 Jahre alt,AMU0508,7,Schweiz,HDM1000,1000,38.1
1960-12-31,ZPJ001960,Stadt Zürich (ab 1934),R30000,10120000001,Definitiv,35–39 Jahre alt,AMU0508,7,Schweiz,HDM1000,1000,31.1
1930-12-31,ZPJ001930,Stadt Zürich (ab 1934),R30000,10120000001,Definitiv,30–34 Jahre alt,AMU0507,6,Ausland,HDM2000,2000,33.6
1976-12-31,ZPJ001976,Stadt Zürich (ab 1934),R30000,10120000001,Definitiv,40–49 Jahre alt,AMU1005,4,Schweiz,HDM1000,1000,0.6
1980-12-31,ZPJ001980,Stadt Zürich (ab 1934),R30000,10120000001,Definitiv,30–34 Jahre alt,AMU0507,6,Schweiz,HDM1000,1000,55.9
1969-12-31,ZPJ001969,Stadt Zürich (ab 1934),R30000,10120000001,Definitiv,40–49 Jahre alt,AMU1005,4,Ausland,HDM2000,2000,10.4
2016-12-31,ZPJ002016,Stadt Zürich (ab 1934),R30000,10120000001,Definitiv,30–34 Jahre alt,AMU0507,6,Schweiz,HDM1000,1000,89.9
2015-12-31,ZPJ002015,Stadt Zürich (ab 1934),R30000,10120000001,Definitiv,30–34 Jahre alt,AMU0507,6,Schweiz,HDM1000,1000,88.1
1994-12-31,ZPJ001994,Stadt Zürich (ab 1934),R30000,10120000001,Definitiv,30–34 Jahre alt,AMU0507,6,Ausland,HDM2000,2000,75.1
1987-12-31,ZPJ001987,Stadt Zürich (ab 1934),R30000,10120000001,Definitiv,30–34 Jahre alt,AMU0507,6,Ausland,HDM2000,2000,59.6
1989-12-31,ZPJ001989,Stadt Zürich (ab 1934),R30000,10120000001,Definitiv,40–49 Jahre alt,AMU1005,4,Ausland,HDM2000,2000,2.2
2024-12-31,ZPJ002024,Stadt Zürich (ab 1934),R30000,10120000001,Definitiv,25–29 Jahre alt,AMU0506,5,Schweiz,HDM1000,1000,17.7
1986-12-31,ZPJ001986,Stadt Zürich (ab 1934),R30000,10120000001,Definitiv,35–39 Jahre alt,AMU0508,7,Ausland,HDM2000,2000,25.2
1987-12-31,ZPJ001987,Stadt Zürich (ab 1934),R30000,10120000001,Definitiv,25–29 Jahre alt,AMU0506,5,Schweiz,HDM1000,1000,60.2
2018-12-31,ZPJ002018,Stadt Zürich (ab 1934),R30000,10120000001,Definitiv,25–29 Jahre alt,AMU0506,5,Ausland,HDM2000,2000,48.6
2013-12-31,ZPJ002013,Stadt Zürich (ab 1934),R30000,10120000001,Definitiv,30–34 Jahre alt,AMU0507,6,Ausland,HDM2000,2000,85.9
1994-12-31,ZPJ001994,Stadt Zürich (ab 1934),R30000,10120000001,Definitiv,40–49 Jahre alt,AMU1005,4,Schweiz,HDM1000,1000,3.4
2003-12-31,ZPJ002003,Stadt Zürich (ab 1934),R30000,10120000001,Definitiv,25–29 Jahre alt,AMU0506,5,Schweiz,HDM1000,1000,31.0
2011-12-31,ZPJ002011,Stadt Zürich (ab 1934),R30000,10120000001,Definitiv,15–24 Jahre alt,AMU5039,39,Ausland,HDM2000,2000,43.1
1971-12-31,ZPJ001971,Stadt Zürich (ab 1934),R30000,10120000001,Definitiv,35–39 Jahre alt,AMU0508,7,Schweiz,HDM1000,1000,17.3
2006-12-31,ZPJ002006,Stadt Zürich (ab 1934),R30000,10120000001,Definitiv,35–39 Jahre alt,AMU0508,7,Ausland,HDM2000,2000,63.6
1970-12-31,ZPJ001970,Stadt Zürich (ab 1934),R30000,10120000001,Definitiv,30–34 Jahre alt,AMU0507,6,Schweiz,HDM1000,1000,51.6
2013-12-31,ZPJ002013,Stadt Zürich (ab 1934),R30000,10120000001,Definitiv,25–29 Jahre alt,AMU0506,5,Schweiz,HDM1000,1000,33.9
1983-12-31,ZPJ001983,Stadt Zürich (ab 1934),R30000,10120000001,Definitiv,40–49 Jahre alt,AMU1005,4,Ausland,HDM2000,2000,3.3
2000-12-31,ZPJ002000,Stadt Zürich (ab 1934),R30000,10120000001,Definitiv,15–24 Jahre alt,AMU5039,39,Schweiz,HDM1000,1000,10.5
2008-12-31,ZPJ002008,Stadt Zürich (ab 1934),R30000,10120000001,Definitiv,25–29 Jahre alt,AMU0506,5,Ausland,HDM2000,2000,57.9
2012-12-31,ZPJ002012,Stadt Zürich (ab 1934),R30000,10120000001,Definitiv,25–29 Jahre alt,AMU0506,5,Schweiz,HDM1000,1000,29.5
1996-12-31,ZPJ001996,Stadt Zürich (ab 1934),R30000,10120000001,Definitiv,25–29 Jahre alt,AMU0506,5,Schweiz,HDM1000,1000,43.9
1960-12-31,ZPJ001960,Stadt Zürich (ab 1934),R30000,10120000001,Definitiv,40–49 Jahre alt,AMU1005,4,Schweiz,HDM1000,1000,3.0
1980-12-31,ZPJ001980,Stadt Zürich (ab 1934),R30000,10120000001,Definitiv,40–49 Jahre alt,AMU1005,4,Schweiz,HDM1000,1000,1.4
2009-12-31,ZPJ002009,Stadt Zürich (ab 1934),R30000,10120000001,Definitiv,35–39 Jahre alt,AMU0508,7,Ausland,HDM2000,2000,76.8
1999-12-31,ZPJ001999,Stadt Zürich (ab 1934),R30000,10120000001,Definitiv,40–49 Jahre alt,AMU1005,4,Ausland,HDM2000,2000,4.9
1975-12-31,ZPJ001975,Stadt Zürich (ab 1934),R30000,10120000001,Definitiv,30–34 Jahre alt,AMU0507,6,Schweiz,HDM1000,1000,37.5
2023-12-31,ZPJ002023,Stadt Zürich (ab 1934),R30000,10120000001,Definitiv,15–24 Jahre alt,AMU5039,39,Ausland,HDM2000,2000,14.6
2014-12-31,ZPJ002014,Stadt Zürich (ab 1934),R30000,10120000001,Definitiv,25–29 Jahre alt,AMU0506,5,Ausland,HDM2000,2000,54.2
1930-12-31,ZPJ001930,Stadt Zürich (ab 1934),R30000,10120000001,Definitiv,25–29 Jahre alt,AMU0506,5,Schweiz,HDM1000,1000,92.8
1968-12-31,ZPJ001968,Stadt Zürich (ab 1934),R30000,10120000001,Definitiv,15–24 Jahre alt,AMU5039,39,Ausland,HDM2000,2000,86.4
2010-12-31,ZPJ002010,Stadt Zürich (ab 1934),R30000,10120000001,Definitiv,30–34 Jahre alt,AMU0507,6,Schweiz,HDM1000,1000,86.3
1985-12-31,ZPJ001985,Stadt Zürich (ab 1934),R30000,10120000001,Definitiv,30–34 Jahre alt,AMU0507,6,Schweiz,HDM1000,1000,57.0
1987-12-31,ZPJ001987,Stadt Zürich (ab 1934),R30000,10120000001,Definitiv,40–49 Jahre alt,AMU1005,4,Schweiz,HDM1000,1000,1.6
2013-12-31,ZPJ002013,Stadt Zürich (ab 1934),R30000,10120000001,Definitiv,30–34 Jahre alt,AMU0507,6,Schweiz,HDM1000,1000,84.1
1989-12-31,ZPJ001989,Stadt Zürich (ab 1934),R30000,10120000001,Definitiv,35–39 Jahre alt,AMU0508,7,Schweiz,HDM1000,1000,28.3
2016-12-31,ZPJ002016,Stadt Zürich (ab 1934),R30000,10120000001,Definitiv,35–39 Jahre alt,AMU0508,7,Ausland,HDM2000,2000,81.6
2012-12-31,ZPJ002012,Stadt Zürich (ab 1934),R30000,10120000001,Definitiv,15–24 Jahre alt,AMU5039,39,Schweiz,HDM1000,1000,9.3
1960-12-31,ZPJ001960,Stadt Zürich (ab 1934),R30000,10120000001,Definitiv,15–24 Jahre alt,AMU5039,39,Ausland,HDM2000,2000,62.4
1960-12-31,ZPJ001960,Stadt Zürich (ab 1934),R30000,10120000001,Definitiv,35–39 Jahre alt,AMU0508,7,Ausland,HDM2000,2000,29.1
1977-12-31,ZPJ001977,Stadt Zürich (ab 1934),R30000,10120000001,Definitiv,40–49 Jahre alt,AMU1005,4,Schweiz,HDM1000,1000,0.9
1984-12-31,ZPJ001984,Stadt Zürich (ab 1934),R30000,10120000001,Definitiv,35–39 Jahre alt,AMU0508,7,Ausland,HDM2000,2000,24.9
2001-12-31,ZPJ002001,Stadt Zürich (ab 1934),R30000,10120000001,Definitiv,40–49 Jahre alt,AMU1005,4,Schweiz,HDM1000,1000,6.0
1894-12-31,ZPJ001894,Stadt Zürich (ab 1934),R30000,10120000001,Definitiv,40–49 Jahre alt,AMU1005,4,Ausland,HDM2000,2000,32.4
1983-12-31,ZPJ001983,Stadt Zürich (ab 1934),R30000,10120000001,Definitiv,30–34 Jahre alt,AMU0507,6,Ausland,HDM2000,2000,52.1
2008-12-31,ZPJ002008,Stadt Zürich (ab 1934),R30000,10120000001,Definitiv,30–34 Jahre alt,AMU0507,6,Ausland,HDM2000,2000,83.4
1920-12-31,ZPJ001920,Stadt Zürich (ab 1934),R30000,10120000001,Definitiv,30–34 Jahre alt,AMU0507,6,Ausland,HDM2000,2000,44.2
1971-12-31,ZPJ001971,Stadt Zürich (ab 1934),R30000,10120000001,Definitiv,35–39 Jahre alt,AMU0508,7,Ausland,HDM2000,2000,49.4
1910-12-31,ZPJ001910,Stadt Zürich (ab 1934),R30000,10120000001,Definitiv,40–49 Jahre alt,AMU1005,4,Schweiz,HDM1000,1000,14.2
1978-12-31,ZPJ001978,Stadt Zürich (ab 1934),R30000,10120000001,Definitiv,35–39 Jahre alt,AMU0508,7,Ausland,HDM2000,2000,26.1
2002-12-31,ZPJ002002,Stadt Zürich (ab 1934),R30000,10120000001,Definitiv,25–29 Jahre alt,AMU0506,5,Ausland,HDM2000,2000,86.9
1981-12-31,ZPJ001981,Stadt Zürich (ab 1934),R30000,10120000001,Definitiv,15–24 Jahre alt,AMU5039,39,Ausland,HDM2000,2000,56.4
2009-12-31,ZPJ002009,Stadt Zürich (ab 1934),R30000,10120000001,Definitiv,15–24 Jahre alt,AMU5039,39,Schweiz,HDM1000,1000,11.4
1993-12-31,ZPJ001993,Stadt Zürich (ab 1934),R30000,10120000001,Definitiv,25–29 Jahre alt,AMU0506,5,Ausland,HDM2000,2000,90.0
1994-12-31,ZPJ001994,Stadt Zürich (ab 1934),R30000,10120000001,Definitiv,40–49 Jahre alt,AMU1005,4,Ausland,HDM2000,2000,4.4
1994-12-31,ZPJ001994,Stadt Zürich (ab 1934),R30000,10120000001,Definitiv,15–24 Jahre alt,AMU5039,39,Schweiz,HDM1000,1000,13.3
1967-12-31,ZPJ001967,Stadt Zürich (ab 1934),R30000,10120000001,Definitiv,35–39 Jahre alt,AMU0508,7,Schweiz,HDM1000,1000,22.4
1984-12-31,ZPJ001984,Stadt Zürich (ab 1934),R30000,10120000001,Definitiv,15–24 Jahre alt,AMU5039,39,Ausland,HDM2000,2000,54.6
1910-12-31,ZPJ001910,Stadt Zürich (ab 1934),R30000,10120000001,Definitiv,25–29 Jahre alt,AMU0506,5,Ausland,HDM2000,2000,141.3
2022-12-31,ZPJ002022,Stadt Zürich (ab 1934),R30000,10120000001,Definitiv,30–34 Jahre alt,AMU0507,6,Schweiz,HDM1000,1000,72.2
1969-12-31,ZPJ001969,Stadt Zürich (ab 1934),R30000,10120000001,Definitiv,15–24 Jahre alt,AMU5039,39,Ausland,HDM2000,2000,90.5
2024-12-31,ZPJ002024,Stadt Zürich (ab 1934),R30000,10120000001,Definitiv,40–49 Jahre alt,AMU1005,4,Ausland,HDM2000,2000,16.7
2021-12-31,ZPJ002021,Stadt Zürich (ab 1934),R30000,10120000001,Definitiv,25–29 Jahre alt,AMU0506,5,Schweiz,HDM1000,1000,24.0
2024-12-31,ZPJ002024,Stadt Zürich (ab 1934),R30000,10120000001,Definitiv,35–39 Jahre alt,AMU0508,7,Schweiz,HDM1000,1000,79.5
1910-12-31,ZPJ001910,Stadt Zürich (ab 1934),R30000,10120000001,Definitiv,35–39 Jahre alt,AMU0508,7,Ausland,HDM2000,2000,72.6
1981-12-31,ZPJ001981,Stadt Zürich (ab 1934),R30000,10120000001,Definitiv,30–34 Jahre alt,AMU0507,6,Schweiz,HDM1000,1000,53.8
2020-12-31,ZPJ002020,Stadt Zürich (ab 1934),R30000,10120000001,Definitiv,30–34 Jahre alt,AMU0507,6,Ausland,HDM2000,2000,85.7
1978-12-31,ZPJ001978,Stadt Zürich (ab 1934),R30000,10120000001,Definitiv,40–49 Jahre alt,AMU1005,4,Schweiz,HDM1000,1000,1.0
1969-12-31,ZPJ001969,Stadt Zürich (ab 1934),R30000,10120000001,Definitiv,15–24 Jahre alt,AMU5039,39,Schweiz,HDM1000,1000,30.6
1998-12-31,ZPJ001998,Stadt Zürich (ab 1934),R30000,10120000001,Definitiv,25–29 Jahre alt,AMU0506,5,Schweiz,HDM1000,1000,35.2
2016-12-31,ZPJ002016,Stadt Zürich (ab 1934),R30000,10120000001,Definitiv,35–39 Jahre alt,AMU0508,7,Schweiz,HDM1000,1000,87.6
2016-12-31,ZPJ002016,Stadt Zürich (ab 1934),R30000,10120000001,Definitiv,30–34 Jahre alt,AMU0507,6,Ausland,HDM2000,2000,88.1
1987-12-31,ZPJ001987,Stadt Zürich (ab 1934),R30000,10120000001,Definitiv,15–24 Jahre alt,AMU5039,39,Schweiz,HDM1000,1000,17.9
1967-12-31,ZPJ001967,Stadt Zürich (ab 1934),R30000,10120000001,Definitiv,40–49 Jahre alt,AMU1005,4,Ausland,HDM2000,2000,10.6
1986-12-31,ZPJ001986,Stadt Zürich (ab 1934),R30000,10120000001,Definitiv,40–49 Jahre alt,AMU1005,4,Ausland,HDM2000,2000,2.1
1900-12-31,ZPJ001900,Stadt Zürich (ab 1934),R30000,10120000001,Definitiv,15–24 Jahre alt,AMU5039,39,Schweiz,HDM1000,1000,64.8
2015-12-31,ZPJ002015,Stadt Zürich (ab 1934),R30000,10120000001,Definitiv,40–49 Jahre alt,AMU1005,4,Ausland,HDM2000,2000,14.8
