﻿StichtagDatJahr;SexLang;HerkunftLang;AnzZuzuWir
1971;männlich;Ausländer*in;16152
1971;männlich;Schweizer*in;11214
1971;weiblich;Ausländer*in;6701
1971;weiblich;Schweizer*in;11685
1972;männlich;Ausländer*in;16583
1972;männlich;Schweizer*in;11020
1972;weiblich;Ausländer*in;6961
1972;weiblich;Schweizer*in;11261
1973;männlich;Ausländer*in;15468
1973;männlich;Schweizer*in;10677
1973;weiblich;Ausländer*in;6339
1973;weiblich;Schweizer*in;10787
1974;männlich;Ausländer*in;15550
1974;männlich;Schweizer*in;10687
1974;weiblich;Ausländer*in;6223
1974;weiblich;Schweizer*in;10902
1975;männlich;Ausländer*in;9061
1975;männlich;Schweizer*in;10784
1975;weiblich;Ausländer*in;4114
1975;weiblich;Schweizer*in;10628
1976;männlich;Ausländer*in;7438
1976;männlich;Schweizer*in;10618
1976;weiblich;Ausländer*in;3428
1976;weiblich;Schweizer*in;10269
1977;männlich;Ausländer*in;7226
1977;männlich;Schweizer*in;10790
1977;weiblich;Ausländer*in;3687
1977;weiblich;Schweizer*in;10310
1978;männlich;Ausländer*in;7770
1978;männlich;Schweizer*in;10495
1978;weiblich;Ausländer*in;3865
1978;weiblich;Schweizer*in;10296
1979;männlich;Ausländer*in;8724
1979;männlich;Schweizer*in;10539
1979;weiblich;Ausländer*in;3886
1979;weiblich;Schweizer*in;9878
1980;männlich;Ausländer*in;10035
1980;männlich;Schweizer*in;10583
1980;weiblich;Ausländer*in;4356
1980;weiblich;Schweizer*in;10017
1981;männlich;Ausländer*in;10833
1981;männlich;Schweizer*in;10868
1981;weiblich;Ausländer*in;4686
1981;weiblich;Schweizer*in;10600
1982;männlich;Ausländer*in;10477
1982;männlich;Schweizer*in;10786
1982;weiblich;Ausländer*in;4907
1982;weiblich;Schweizer*in;10608
1983;männlich;Ausländer*in;9955
1983;männlich;Schweizer*in;10801
1983;weiblich;Ausländer*in;5121
1983;weiblich;Schweizer*in;10362
1984;männlich;Ausländer*in;9774
1984;männlich;Schweizer*in;10152
1984;weiblich;Ausländer*in;5218
1984;weiblich;Schweizer*in;9691
1985;männlich;Ausländer*in;9819
1985;männlich;Schweizer*in;10807
1985;weiblich;Ausländer*in;5390
1985;weiblich;Schweizer*in;10060
1986;männlich;Ausländer*in;10509
1986;männlich;Schweizer*in;10502
1986;weiblich;Ausländer*in;5774
1986;weiblich;Schweizer*in;10411
1987;männlich;Ausländer*in;11655
1987;männlich;Schweizer*in;10193
1987;weiblich;Ausländer*in;5909
1987;weiblich;Schweizer*in;10077
1988;männlich;Ausländer*in;11927
1988;männlich;Schweizer*in;9809
1988;weiblich;Ausländer*in;5910
1988;weiblich;Schweizer*in;9629
1989;männlich;Ausländer*in;12254
1989;männlich;Schweizer*in;9168
1989;weiblich;Ausländer*in;5686
1989;weiblich;Schweizer*in;8754
1990;männlich;Ausländer*in;12772
1990;männlich;Schweizer*in;8836
1990;weiblich;Ausländer*in;6352
1990;weiblich;Schweizer*in;8581
1991;männlich;Ausländer*in;13773
1991;männlich;Schweizer*in;8991
1991;weiblich;Ausländer*in;7321
1991;weiblich;Schweizer*in;8607
1992;männlich;Ausländer*in;11902
1992;männlich;Schweizer*in;8832
1992;weiblich;Ausländer*in;8053
1992;weiblich;Schweizer*in;8362
1993;männlich;Ausländer*in;11084
1993;männlich;Schweizer*in;8416
1993;weiblich;Ausländer*in;8804
1993;weiblich;Schweizer*in;7493
1994;männlich;Ausländer*in;10763
1994;männlich;Schweizer*in;9431
1994;weiblich;Ausländer*in;8655
1994;weiblich;Schweizer*in;8353
1995;männlich;Ausländer*in;10366
1995;männlich;Schweizer*in;9577
1995;weiblich;Ausländer*in;8933
1995;weiblich;Schweizer*in;8485
1996;männlich;Ausländer*in;10093
1996;männlich;Schweizer*in;9643
1996;weiblich;Ausländer*in;8682
1996;weiblich;Schweizer*in;8348
1997;männlich;Ausländer*in;9706
1997;männlich;Schweizer*in;9634
1997;weiblich;Ausländer*in;8677
1997;weiblich;Schweizer*in;8503
1998;männlich;Ausländer*in;10684
1998;männlich;Schweizer*in;9904
1998;weiblich;Ausländer*in;9535
1998;weiblich;Schweizer*in;8853
1999;männlich;Ausländer*in;11246
1999;männlich;Schweizer*in;9765
1999;weiblich;Ausländer*in;10421
1999;weiblich;Schweizer*in;8941
2000;männlich;Ausländer*in;11166
2000;männlich;Schweizer*in;10026
2000;weiblich;Ausländer*in;10305
2000;weiblich;Schweizer*in;9057
2001;männlich;Ausländer*in;11365
2001;männlich;Schweizer*in;9407
2001;weiblich;Ausländer*in;10648
2001;weiblich;Schweizer*in;8554
2002;männlich;Ausländer*in;11335
2002;männlich;Schweizer*in;8845
2002;weiblich;Ausländer*in;10783
2002;weiblich;Schweizer*in;8173
2003;männlich;Ausländer*in;10359
2003;männlich;Schweizer*in;8453
2003;weiblich;Ausländer*in;10301
2003;weiblich;Schweizer*in;7684
2004;männlich;Ausländer*in;11293
2004;männlich;Schweizer*in;8572
2004;weiblich;Ausländer*in;10918
2004;weiblich;Schweizer*in;8031
2005;männlich;Ausländer*in;11750
2005;männlich;Schweizer*in;8960
2005;weiblich;Ausländer*in;11249
2005;weiblich;Schweizer*in;8371
2006;männlich;Ausländer*in;12977
2006;männlich;Schweizer*in;8727
2006;weiblich;Ausländer*in;11996
2006;weiblich;Schweizer*in;8098
2007;männlich;Ausländer*in;14782
2007;männlich;Schweizer*in;9344
2007;weiblich;Ausländer*in;13699
2007;weiblich;Schweizer*in;8726
2008;männlich;Ausländer*in;13946
2008;männlich;Schweizer*in;8359
2008;weiblich;Ausländer*in;11885
2008;weiblich;Schweizer*in;8068
2009;männlich;Ausländer*in;13043
2009;männlich;Schweizer*in;8207
2009;weiblich;Ausländer*in;11949
2009;weiblich;Schweizer*in;7887
2010;männlich;Ausländer*in;13488
2010;männlich;Schweizer*in;8139
2010;weiblich;Ausländer*in;11991
2010;weiblich;Schweizer*in;7932
2011;männlich;Ausländer*in;14471
2011;männlich;Schweizer*in;7937
2011;weiblich;Ausländer*in;12406
2011;weiblich;Schweizer*in;7741
2012;männlich;Ausländer*in;13868
2012;männlich;Schweizer*in;7910
2012;weiblich;Ausländer*in;11618
2012;weiblich;Schweizer*in;7665
2013;männlich;Ausländer*in;14298
2013;männlich;Schweizer*in;8679
2013;weiblich;Ausländer*in;12159
2013;weiblich;Schweizer*in;8463
2014;männlich;Ausländer*in;14015
2014;männlich;Schweizer*in;8296
2014;weiblich;Ausländer*in;11697
2014;weiblich;Schweizer*in;8144
2015;männlich;Ausländer*in;13904
2015;männlich;Schweizer*in;8543
2015;weiblich;Ausländer*in;11769
2015;weiblich;Schweizer*in;8257
2016;männlich;Ausländer*in;13916
2016;männlich;Schweizer*in;8592
2016;weiblich;Ausländer*in;11438
2016;weiblich;Schweizer*in;8372
2017;männlich;Ausländer*in;14454
2017;männlich;Schweizer*in;8737
2017;weiblich;Ausländer*in;11722
2017;weiblich;Schweizer*in;8441
2018;männlich;Ausländer*in;14300
2018;männlich;Schweizer*in;8568
2018;weiblich;Ausländer*in;11528
2018;weiblich;Schweizer*in;8602
2019;männlich;Ausländer*in;14198
2019;männlich;Schweizer*in;8373
2019;weiblich;Ausländer*in;11584
2019;weiblich;Schweizer*in;8433
2020;männlich;Ausländer*in;12377
2020;männlich;Schweizer*in;8005
2020;weiblich;Ausländer*in;9975
2020;weiblich;Schweizer*in;8238
2021;männlich;Ausländer*in;13414
2021;männlich;Schweizer*in;7540
2021;weiblich;Ausländer*in;10658
2021;weiblich;Schweizer*in;7652
2022;männlich;Ausländer*in;16186
2022;männlich;Schweizer*in;7390
2022;weiblich;Ausländer*in;14108
2022;weiblich;Schweizer*in;7135
2023;männlich;Ausländer*in;15051
2023;männlich;Schweizer*in;7161
2023;weiblich;Ausländer*in;12097
2023;weiblich;Schweizer*in;7352
2024;männlich;Ausländer*in;14364
2024;männlich;Schweizer*in;6737
2024;weiblich;Ausländer*in;11412
2024;weiblich;Schweizer*in;6811
