ZEIT_LANG,ZEIT_CODE,RAUM_LANG,RAUM_CODE,RAUM_SORT,DATENSTATUS,HDM_LANG,HDM_CODE,HDM_SORT,FER
2003-12-31,ZPJ002003,Stadt Zürich (ab 1934),R30000,10120000001,Definitiv,Ausland,HDM2000,2000,56.0
1930-12-31,ZPJ001930,Stadt Zürich (ab 1934),R30000,10120000001,Definitiv,Ausland,HDM2000,2000,24.5
2010-12-31,ZPJ002010,Stadt Zürich (ab 1934),R30000,10120000001,Definitiv,Schweiz,HDM1000,1000,37.5
1894-12-31,ZPJ001894,Stadt Zürich (ab 1934),R30000,10120000001,Definitiv,Schweiz,HDM1000,1000,90.6
2018-12-31,ZPJ002018,Stadt Zürich (ab 1934),R30000,10120000001,Definitiv,Schweiz,HDM1000,1000,37.0
1894-12-31,ZPJ001894,Stadt Zürich (ab 1934),R30000,10120000001,Definitiv,Ausland,HDM2000,2000,117.6
1988-12-31,ZPJ001988,Stadt Zürich (ab 1934),R30000,10120000001,Definitiv,Schweiz,HDM1000,1000,30.4
1980-12-31,ZPJ001980,Stadt Zürich (ab 1934),R30000,10120000001,Definitiv,Schweiz,HDM1000,1000,27.4
1976-12-31,ZPJ001976,Stadt Zürich (ab 1934),R30000,10120000001,Definitiv,Ausland,HDM2000,2000,64.9
1973-12-31,ZPJ001973,Stadt Zürich (ab 1934),R30000,10120000001,Definitiv,Ausland,HDM2000,2000,68.7
1972-12-31,ZPJ001972,Stadt Zürich (ab 1934),R30000,10120000001,Definitiv,Ausland,HDM2000,2000,74.3
2001-12-31,ZPJ002001,Stadt Zürich (ab 1934),R30000,10120000001,Definitiv,Schweiz,HDM1000,1000,26.2
1997-12-31,ZPJ001997,Stadt Zürich (ab 1934),R30000,10120000001,Definitiv,Ausland,HDM2000,2000,58.9
1985-12-31,ZPJ001985,Stadt Zürich (ab 1934),R30000,10120000001,Definitiv,Ausland,HDM2000,2000,42.3
1984-12-31,ZPJ001984,Stadt Zürich (ab 1934),R30000,10120000001,Definitiv,Schweiz,HDM1000,1000,29.9
1950-12-31,ZPJ001950,Stadt Zürich (ab 1934),R30000,10120000001,Definitiv,Ausland,HDM2000,2000,23.7
1989-12-31,ZPJ001989,Stadt Zürich (ab 1934),R30000,10120000001,Definitiv,Ausland,HDM2000,2000,41.9
1971-12-31,ZPJ001971,Stadt Zürich (ab 1934),R30000,10120000001,Definitiv,Ausland,HDM2000,2000,76.4
2021-12-31,ZPJ002021,Stadt Zürich (ab 1934),R30000,10120000001,Definitiv,Schweiz,HDM1000,1000,38.8
2002-12-31,ZPJ002002,Stadt Zürich (ab 1934),R30000,10120000001,Definitiv,Schweiz,HDM1000,1000,26.4
1989-12-31,ZPJ001989,Stadt Zürich (ab 1934),R30000,10120000001,Definitiv,Schweiz,HDM1000,1000,31.0
2014-12-31,ZPJ002014,Stadt Zürich (ab 1934),R30000,10120000001,Definitiv,Schweiz,HDM1000,1000,38.7
1971-12-31,ZPJ001971,Stadt Zürich (ab 1934),R30000,10120000001,Definitiv,Schweiz,HDM1000,1000,26.1
1997-12-31,ZPJ001997,Stadt Zürich (ab 1934),R30000,10120000001,Definitiv,Schweiz,HDM1000,1000,27.8
2004-12-31,ZPJ002004,Stadt Zürich (ab 1934),R30000,10120000001,Definitiv,Schweiz,HDM1000,1000,29.6
1967-12-31,ZPJ001967,Stadt Zürich (ab 1934),R30000,10120000001,Definitiv,Schweiz,HDM1000,1000,36.5
1983-12-31,ZPJ001983,Stadt Zürich (ab 1934),R30000,10120000001,Definitiv,Schweiz,HDM1000,1000,30.1
2018-12-31,ZPJ002018,Stadt Zürich (ab 1934),R30000,10120000001,Definitiv,Ausland,HDM2000,2000,57.6
1980-12-31,ZPJ001980,Stadt Zürich (ab 1934),R30000,10120000001,Definitiv,Ausland,HDM2000,2000,48.4
1974-12-31,ZPJ001974,Stadt Zürich (ab 1934),R30000,10120000001,Definitiv,Ausland,HDM2000,2000,67.1
1973-12-31,ZPJ001973,Stadt Zürich (ab 1934),R30000,10120000001,Definitiv,Schweiz,HDM1000,1000,22.6
1978-12-31,ZPJ001978,Stadt Zürich (ab 1934),R30000,10120000001,Definitiv,Schweiz,HDM1000,1000,25.3
1993-12-31,ZPJ001993,Stadt Zürich (ab 1934),R30000,10120000001,Definitiv,Schweiz,HDM1000,1000,31.2
1991-12-31,ZPJ001991,Stadt Zürich (ab 1934),R30000,10120000001,Definitiv,Schweiz,HDM1000,1000,32.8
1920-12-31,ZPJ001920,Stadt Zürich (ab 1934),R30000,10120000001,Definitiv,Ausland,HDM2000,2000,29.1
2008-12-31,ZPJ002008,Stadt Zürich (ab 1934),R30000,10120000001,Definitiv,Schweiz,HDM1000,1000,35.8
1993-12-31,ZPJ001993,Stadt Zürich (ab 1934),R30000,10120000001,Definitiv,Ausland,HDM2000,2000,51.4
1977-12-31,ZPJ001977,Stadt Zürich (ab 1934),R30000,10120000001,Definitiv,Ausland,HDM2000,2000,64.2
2011-12-31,ZPJ002011,Stadt Zürich (ab 1934),R30000,10120000001,Definitiv,Ausland,HDM2000,2000,54.2
1994-12-31,ZPJ001994,Stadt Zürich (ab 1934),R30000,10120000001,Definitiv,Ausland,HDM2000,2000,55.1
2007-12-31,ZPJ002007,Stadt Zürich (ab 1934),R30000,10120000001,Definitiv,Schweiz,HDM1000,1000,33.5
2021-12-31,ZPJ002021,Stadt Zürich (ab 1934),R30000,10120000001,Definitiv,Ausland,HDM2000,2000,53.8
1982-12-31,ZPJ001982,Stadt Zürich (ab 1934),R30000,10120000001,Definitiv,Schweiz,HDM1000,1000,28.7
1985-12-31,ZPJ001985,Stadt Zürich (ab 1934),R30000,10120000001,Definitiv,Schweiz,HDM1000,1000,29.6
1982-12-31,ZPJ001982,Stadt Zürich (ab 1934),R30000,10120000001,Definitiv,Ausland,HDM2000,2000,48.3
1969-12-31,ZPJ001969,Stadt Zürich (ab 1934),R30000,10120000001,Definitiv,Ausland,HDM2000,2000,74.4
2002-12-31,ZPJ002002,Stadt Zürich (ab 1934),R30000,10120000001,Definitiv,Ausland,HDM2000,2000,58.1
1999-12-31,ZPJ001999,Stadt Zürich (ab 1934),R30000,10120000001,Definitiv,Schweiz,HDM1000,1000,26.3
1970-12-31,ZPJ001970,Stadt Zürich (ab 1934),R30000,10120000001,Definitiv,Schweiz,HDM1000,1000,29.2
1976-12-31,ZPJ001976,Stadt Zürich (ab 1934),R30000,10120000001,Definitiv,Schweiz,HDM1000,1000,20.9
2008-12-31,ZPJ002008,Stadt Zürich (ab 1934),R30000,10120000001,Definitiv,Ausland,HDM2000,2000,54.1
1970-12-31,ZPJ001970,Stadt Zürich (ab 1934),R30000,10120000001,Definitiv,Ausland,HDM2000,2000,72.2
2004-12-31,ZPJ002004,Stadt Zürich (ab 1934),R30000,10120000001,Definitiv,Ausland,HDM2000,2000,57.8
2011-12-31,ZPJ002011,Stadt Zürich (ab 1934),R30000,10120000001,Definitiv,Schweiz,HDM1000,1000,39.8
1992-12-31,ZPJ001992,Stadt Zürich (ab 1934),R30000,10120000001,Definitiv,Ausland,HDM2000,2000,49.1
1990-12-31,ZPJ001990,Stadt Zürich (ab 1934),R30000,10120000001,Definitiv,Ausland,HDM2000,2000,42.0
2013-12-31,ZPJ002013,Stadt Zürich (ab 1934),R30000,10120000001,Definitiv,Ausland,HDM2000,2000,56.6
2009-12-31,ZPJ002009,Stadt Zürich (ab 1934),R30000,10120000001,Definitiv,Schweiz,HDM1000,1000,37.9
1996-12-31,ZPJ001996,Stadt Zürich (ab 1934),R30000,10120000001,Definitiv,Ausland,HDM2000,2000,57.1
1978-12-31,ZPJ001978,Stadt Zürich (ab 1934),R30000,10120000001,Definitiv,Ausland,HDM2000,2000,50.5
1986-12-31,ZPJ001986,Stadt Zürich (ab 1934),R30000,10120000001,Definitiv,Ausland,HDM2000,2000,40.6
2024-12-31,ZPJ002024,Stadt Zürich (ab 1934),R30000,10120000001,Definitiv,Schweiz,HDM1000,1000,30.4
2012-12-31,ZPJ002012,Stadt Zürich (ab 1934),R30000,10120000001,Definitiv,Ausland,HDM2000,2000,55.8
1992-12-31,ZPJ001992,Stadt Zürich (ab 1934),R30000,10120000001,Definitiv,Schweiz,HDM1000,1000,32.7
1984-12-31,ZPJ001984,Stadt Zürich (ab 1934),R30000,10120000001,Definitiv,Ausland,HDM2000,2000,41.5
2007-12-31,ZPJ002007,Stadt Zürich (ab 1934),R30000,10120000001,Definitiv,Ausland,HDM2000,2000,53.5
1988-12-31,ZPJ001988,Stadt Zürich (ab 1934),R30000,10120000001,Definitiv,Ausland,HDM2000,2000,42.7
2009-12-31,ZPJ002009,Stadt Zürich (ab 1934),R30000,10120000001,Definitiv,Ausland,HDM2000,2000,57.4
1994-12-31,ZPJ001994,Stadt Zürich (ab 1934),R30000,10120000001,Definitiv,Schweiz,HDM1000,1000,30.7
2015-12-31,ZPJ002015,Stadt Zürich (ab 1934),R30000,10120000001,Definitiv,Ausland,HDM2000,2000,58.3
2017-12-31,ZPJ002017,Stadt Zürich (ab 1934),R30000,10120000001,Definitiv,Schweiz,HDM1000,1000,37.0
2010-12-31,ZPJ002010,Stadt Zürich (ab 1934),R30000,10120000001,Definitiv,Ausland,HDM2000,2000,55.7
2016-12-31,ZPJ002016,Stadt Zürich (ab 1934),R30000,10120000001,Definitiv,Schweiz,HDM1000,1000,39.7
1987-12-31,ZPJ001987,Stadt Zürich (ab 1934),R30000,10120000001,Definitiv,Ausland,HDM2000,2000,41.3
1975-12-31,ZPJ001975,Stadt Zürich (ab 1934),R30000,10120000001,Definitiv,Schweiz,HDM1000,1000,20.5
2006-12-31,ZPJ002006,Stadt Zürich (ab 1934),R30000,10120000001,Definitiv,Ausland,HDM2000,2000,56.9
1998-12-31,ZPJ001998,Stadt Zürich (ab 1934),R30000,10120000001,Definitiv,Schweiz,HDM1000,1000,26.0
1981-12-31,ZPJ001981,Stadt Zürich (ab 1934),R30000,10120000001,Definitiv,Schweiz,HDM1000,1000,27.6
2023-12-31,ZPJ002023,Stadt Zürich (ab 1934),R30000,10120000001,Definitiv,Schweiz,HDM1000,1000,31.1
1910-12-31,ZPJ001910,Stadt Zürich (ab 1934),R30000,10120000001,Definitiv,Schweiz,HDM1000,1000,59.9
1969-12-31,ZPJ001969,Stadt Zürich (ab 1934),R30000,10120000001,Definitiv,Schweiz,HDM1000,1000,29.7
2019-12-31,ZPJ002019,Stadt Zürich (ab 1934),R30000,10120000001,Definitiv,Ausland,HDM2000,2000,54.7
2022-12-31,ZPJ002022,Stadt Zürich (ab 1934),R30000,10120000001,Definitiv,Ausland,HDM2000,2000,45.9
1979-12-31,ZPJ001979,Stadt Zürich (ab 1934),R30000,10120000001,Definitiv,Schweiz,HDM1000,1000,26.3
1966-12-31,ZPJ001966,Stadt Zürich (ab 1934),R30000,10120000001,Definitiv,Ausland,HDM2000,2000,81.5
1975-12-31,ZPJ001975,Stadt Zürich (ab 1934),R30000,10120000001,Definitiv,Ausland,HDM2000,2000,68.1
2006-12-31,ZPJ002006,Stadt Zürich (ab 1934),R30000,10120000001,Definitiv,Schweiz,HDM1000,1000,32.5
1990-12-31,ZPJ001990,Stadt Zürich (ab 1934),R30000,10120000001,Definitiv,Schweiz,HDM1000,1000,30.8
1960-12-31,ZPJ001960,Stadt Zürich (ab 1934),R30000,10120000001,Definitiv,Schweiz,HDM1000,1000,49.5
2000-12-31,ZPJ002000,Stadt Zürich (ab 1934),R30000,10120000001,Definitiv,Ausland,HDM2000,2000,62.1
1966-12-31,ZPJ001966,Stadt Zürich (ab 1934),R30000,10120000001,Definitiv,Schweiz,HDM1000,1000,38.6
2015-12-31,ZPJ002015,Stadt Zürich (ab 1934),R30000,10120000001,Definitiv,Schweiz,HDM1000,1000,39.5
2016-12-31,ZPJ002016,Stadt Zürich (ab 1934),R30000,10120000001,Definitiv,Ausland,HDM2000,2000,56.1
1996-12-31,ZPJ001996,Stadt Zürich (ab 1934),R30000,10120000001,Definitiv,Schweiz,HDM1000,1000,28.4
1977-12-31,ZPJ001977,Stadt Zürich (ab 1934),R30000,10120000001,Definitiv,Schweiz,HDM1000,1000,21.6
1999-12-31,ZPJ001999,Stadt Zürich (ab 1934),R30000,10120000001,Definitiv,Ausland,HDM2000,2000,60.4
1979-12-31,ZPJ001979,Stadt Zürich (ab 1934),R30000,10120000001,Definitiv,Ausland,HDM2000,2000,47.4
2014-12-31,ZPJ002014,Stadt Zürich (ab 1934),R30000,10120000001,Definitiv,Ausland,HDM2000,2000,60.1
1900-12-31,ZPJ001900,Stadt Zürich (ab 1934),R30000,10120000001,Definitiv,Schweiz,HDM1000,1000,96.1
2003-12-31,ZPJ002003,Stadt Zürich (ab 1934),R30000,10120000001,Definitiv,Schweiz,HDM1000,1000,28.4
1941-12-31,ZPJ001941,Stadt Zürich (ab 1934),R30000,10120000001,Definitiv,Ausland,HDM2000,2000,27.8
1987-12-31,ZPJ001987,Stadt Zürich (ab 1934),R30000,10120000001,Definitiv,Schweiz,HDM1000,1000,29.4
1974-12-31,ZPJ001974,Stadt Zürich (ab 1934),R30000,10120000001,Definitiv,Schweiz,HDM1000,1000,21.6
1995-12-31,ZPJ001995,Stadt Zürich (ab 1934),R30000,10120000001,Definitiv,Ausland,HDM2000,2000,55.7
1930-12-31,ZPJ001930,Stadt Zürich (ab 1934),R30000,10120000001,Definitiv,Schweiz,HDM1000,1000,43.2
2000-12-31,ZPJ002000,Stadt Zürich (ab 1934),R30000,10120000001,Definitiv,Schweiz,HDM1000,1000,26.3
2012-12-31,ZPJ002012,Stadt Zürich (ab 1934),R30000,10120000001,Definitiv,Schweiz,HDM1000,1000,36.9
2020-12-31,ZPJ002020,Stadt Zürich (ab 1934),R30000,10120000001,Definitiv,Schweiz,HDM1000,1000,37.2
2019-12-31,ZPJ002019,Stadt Zürich (ab 1934),R30000,10120000001,Definitiv,Schweiz,HDM1000,1000,36.7
1968-12-31,ZPJ001968,Stadt Zürich (ab 1934),R30000,10120000001,Definitiv,Ausland,HDM2000,2000,75.4
1983-12-31,ZPJ001983,Stadt Zürich (ab 1934),R30000,10120000001,Definitiv,Ausland,HDM2000,2000,40.7
1986-12-31,ZPJ001986,Stadt Zürich (ab 1934),R30000,10120000001,Definitiv,Schweiz,HDM1000,1000,30.3
1968-12-31,ZPJ001968,Stadt Zürich (ab 1934),R30000,10120000001,Definitiv,Schweiz,HDM1000,1000,34.4
2001-12-31,ZPJ002001,Stadt Zürich (ab 1934),R30000,10120000001,Definitiv,Ausland,HDM2000,2000,57.8
1972-12-31,ZPJ001972,Stadt Zürich (ab 1934),R30000,10120000001,Definitiv,Schweiz,HDM1000,1000,24.5
2024-12-31,ZPJ002024,Stadt Zürich (ab 1934),R30000,10120000001,Definitiv,Ausland,HDM2000,2000,43.2
2023-12-31,ZPJ002023,Stadt Zürich (ab 1934),R30000,10120000001,Definitiv,Ausland,HDM2000,2000,45.2
1991-12-31,ZPJ001991,Stadt Zürich (ab 1934),R30000,10120000001,Definitiv,Ausland,HDM2000,2000,46.4
2017-12-31,ZPJ002017,Stadt Zürich (ab 1934),R30000,10120000001,Definitiv,Ausland,HDM2000,2000,59.6
2013-12-31,ZPJ002013,Stadt Zürich (ab 1934),R30000,10120000001,Definitiv,Schweiz,HDM1000,1000,38.8
1981-12-31,ZPJ001981,Stadt Zürich (ab 1934),R30000,10120000001,Definitiv,Ausland,HDM2000,2000,49.7
2005-12-31,ZPJ002005,Stadt Zürich (ab 1934),R30000,10120000001,Definitiv,Ausland,HDM2000,2000,56.5
2020-12-31,ZPJ002020,Stadt Zürich (ab 1934),R30000,10120000001,Definitiv,Ausland,HDM2000,2000,54.1
1910-12-31,ZPJ001910,Stadt Zürich (ab 1934),R30000,10120000001,Definitiv,Ausland,HDM2000,2000,81.4
1900-12-31,ZPJ001900,Stadt Zürich (ab 1934),R30000,10120000001,Definitiv,Ausland,HDM2000,2000,120.5
1920-12-31,ZPJ001920,Stadt Zürich (ab 1934),R30000,10120000001,Definitiv,Schweiz,HDM1000,1000,46.8
1960-12-31,ZPJ001960,Stadt Zürich (ab 1934),R30000,10120000001,Definitiv,Ausland,HDM2000,2000,62.2
1967-12-31,ZPJ001967,Stadt Zürich (ab 1934),R30000,10120000001,Definitiv,Ausland,HDM2000,2000,83.9
1995-12-31,ZPJ001995,Stadt Zürich (ab 1934),R30000,10120000001,Definitiv,Schweiz,HDM1000,1000,28.9
1998-12-31,ZPJ001998,Stadt Zürich (ab 1934),R30000,10120000001,Definitiv,Ausland,HDM2000,2000,61.8
2005-12-31,ZPJ002005,Stadt Zürich (ab 1934),R30000,10120000001,Definitiv,Schweiz,HDM1000,1000,31.4
1941-12-31,ZPJ001941,Stadt Zürich (ab 1934),R30000,10120000001,Definitiv,Schweiz,HDM1000,1000,46.5
2022-12-31,ZPJ002022,Stadt Zürich (ab 1934),R30000,10120000001,Definitiv,Schweiz,HDM1000,1000,32.2
1950-12-31,ZPJ001950,Stadt Zürich (ab 1934),R30000,10120000001,Definitiv,Schweiz,HDM1000,1000,49.7
