﻿StichtagDatJahr;SexLang;HerkunftLang;AnzWezuWir
1971;männlich;Ausländer*in;16747
1971;männlich;Schweizer*in;13862
1971;weiblich;Ausländer*in;6440
1971;weiblich;Schweizer*in;13940
1972;männlich;Ausländer*in;15940
1972;männlich;Schweizer*in;13858
1972;weiblich;Ausländer*in;5913
1972;weiblich;Schweizer*in;14073
1973;männlich;Ausländer*in;14832
1973;männlich;Schweizer*in;13643
1973;weiblich;Ausländer*in;5743
1973;weiblich;Schweizer*in;14123
1974;männlich;Ausländer*in;15670
1974;männlich;Schweizer*in;12945
1974;weiblich;Ausländer*in;5993
1974;weiblich;Schweizer*in;13032
1975;männlich;Ausländer*in;11197
1975;männlich;Schweizer*in;11530
1975;weiblich;Ausländer*in;5798
1975;weiblich;Schweizer*in;11556
1976;männlich;Ausländer*in;8856
1976;männlich;Schweizer*in;11513
1976;weiblich;Ausländer*in;5002
1976;weiblich;Schweizer*in;11515
1977;männlich;Ausländer*in;7856
1977;männlich;Schweizer*in;11052
1977;weiblich;Ausländer*in;4098
1977;weiblich;Schweizer*in;11097
1978;männlich;Ausländer*in;7668
1978;männlich;Schweizer*in;11584
1978;weiblich;Ausländer*in;3634
1978;weiblich;Schweizer*in;11266
1979;männlich;Ausländer*in;7935
1979;männlich;Schweizer*in;11670
1979;weiblich;Ausländer*in;3270
1979;weiblich;Schweizer*in;11032
1980;männlich;Ausländer*in;9005
1980;männlich;Schweizer*in;12706
1980;weiblich;Ausländer*in;3593
1980;weiblich;Schweizer*in;12691
1981;männlich;Ausländer*in;9547
1981;männlich;Schweizer*in;12268
1981;weiblich;Ausländer*in;3946
1981;weiblich;Schweizer*in;12182
1982;männlich;Ausländer*in;8693
1982;männlich;Schweizer*in;12334
1982;weiblich;Ausländer*in;3980
1982;weiblich;Schweizer*in;12225
1983;männlich;Ausländer*in;8674
1983;männlich;Schweizer*in;11981
1983;weiblich;Ausländer*in;4806
1983;weiblich;Schweizer*in;11920
1984;männlich;Ausländer*in;9677
1984;männlich;Schweizer*in;10829
1984;weiblich;Ausländer*in;4941
1984;weiblich;Schweizer*in;10203
1985;männlich;Ausländer*in;9278
1985;männlich;Schweizer*in;11475
1985;weiblich;Ausländer*in;4971
1985;weiblich;Schweizer*in;11266
1986;männlich;Ausländer*in;9432
1986;männlich;Schweizer*in;10934
1986;weiblich;Ausländer*in;4905
1986;weiblich;Schweizer*in;10633
1987;männlich;Ausländer*in;10051
1987;männlich;Schweizer*in;11225
1987;weiblich;Ausländer*in;4968
1987;weiblich;Schweizer*in;11082
1988;männlich;Ausländer*in;10282
1988;männlich;Schweizer*in;10934
1988;weiblich;Ausländer*in;4832
1988;weiblich;Schweizer*in;10704
1989;männlich;Ausländer*in;10535
1989;männlich;Schweizer*in;10425
1989;weiblich;Ausländer*in;4932
1989;weiblich;Schweizer*in;10245
1990;männlich;Ausländer*in;10138
1990;männlich;Schweizer*in;9930
1990;weiblich;Ausländer*in;4941
1990;weiblich;Schweizer*in;9797
1991;männlich;Ausländer*in;9786
1991;männlich;Schweizer*in;9234
1991;weiblich;Ausländer*in;4959
1991;weiblich;Schweizer*in;9284
1992;männlich;Ausländer*in;11535
1992;männlich;Schweizer*in;10027
1992;weiblich;Ausländer*in;6489
1992;weiblich;Schweizer*in;9567
1993;männlich;Ausländer*in;9655
1993;männlich;Schweizer*in;9756
1993;weiblich;Ausländer*in;6968
1993;weiblich;Schweizer*in;9359
1994;männlich;Ausländer*in;9731
1994;männlich;Schweizer*in;9962
1994;weiblich;Ausländer*in;7316
1994;weiblich;Schweizer*in;9539
1995;männlich;Ausländer*in;9617
1995;männlich;Schweizer*in;10048
1995;weiblich;Ausländer*in;7472
1995;weiblich;Schweizer*in;9497
1996;männlich;Ausländer*in;9718
1996;männlich;Schweizer*in;9865
1996;weiblich;Ausländer*in;8123
1996;weiblich;Schweizer*in;9563
1997;männlich;Ausländer*in;9349
1997;männlich;Schweizer*in;9968
1997;weiblich;Ausländer*in;8352
1997;weiblich;Schweizer*in;9318
1998;männlich;Ausländer*in;10008
1998;männlich;Schweizer*in;9959
1998;weiblich;Ausländer*in;8684
1998;weiblich;Schweizer*in;9329
1999;männlich;Ausländer*in;10267
1999;männlich;Schweizer*in;9780
1999;weiblich;Ausländer*in;8804
1999;weiblich;Schweizer*in;9432
2000;männlich;Ausländer*in;10987
2000;männlich;Schweizer*in;9937
2000;weiblich;Ausländer*in;9498
2000;weiblich;Schweizer*in;9437
2001;männlich;Ausländer*in;10418
2001;männlich;Schweizer*in;9419
2001;weiblich;Ausländer*in;9607
2001;weiblich;Schweizer*in;8997
2002;männlich;Ausländer*in;9471
2002;männlich;Schweizer*in;9177
2002;weiblich;Ausländer*in;8888
2002;weiblich;Schweizer*in;8911
2003;männlich;Ausländer*in;9553
2003;männlich;Schweizer*in;9195
2003;weiblich;Ausländer*in;9178
2003;weiblich;Schweizer*in;8721
2004;männlich;Ausländer*in;9754
2004;männlich;Schweizer*in;9901
2004;weiblich;Ausländer*in;9550
2004;weiblich;Schweizer*in;9383
2005;männlich;Ausländer*in;10183
2005;männlich;Schweizer*in;9520
2005;weiblich;Ausländer*in;9797
2005;weiblich;Schweizer*in;9289
2006;männlich;Ausländer*in;10795
2006;männlich;Schweizer*in;9453
2006;weiblich;Ausländer*in;10035
2006;weiblich;Schweizer*in;8853
2007;männlich;Ausländer*in;11615
2007;männlich;Schweizer*in;9251
2007;weiblich;Ausländer*in;10490
2007;weiblich;Schweizer*in;9081
2008;männlich;Ausländer*in;11279
2008;männlich;Schweizer*in;9310
2008;weiblich;Ausländer*in;9822
2008;weiblich;Schweizer*in;9064
2009;männlich;Ausländer*in;11558
2009;männlich;Schweizer*in;9280
2009;weiblich;Ausländer*in;10204
2009;weiblich;Schweizer*in;8859
2010;männlich;Ausländer*in;11702
2010;männlich;Schweizer*in;9262
2010;weiblich;Ausländer*in;10239
2010;weiblich;Schweizer*in;8978
2011;männlich;Ausländer*in;11633
2011;männlich;Schweizer*in;9038
2011;weiblich;Ausländer*in;10014
2011;weiblich;Schweizer*in;8726
2012;männlich;Ausländer*in;11721
2012;männlich;Schweizer*in;8785
2012;weiblich;Ausländer*in;9598
2012;weiblich;Schweizer*in;8375
2013;männlich;Ausländer*in;12452
2013;männlich;Schweizer*in;9252
2013;weiblich;Ausländer*in;9806
2013;weiblich;Schweizer*in;8981
2014;männlich;Ausländer*in;11766
2014;männlich;Schweizer*in;8400
2014;weiblich;Ausländer*in;9444
2014;weiblich;Schweizer*in;8145
2015;männlich;Ausländer*in;11704
2015;männlich;Schweizer*in;8684
2015;weiblich;Ausländer*in;9644
2015;weiblich;Schweizer*in;8611
2016;männlich;Ausländer*in;12189
2016;männlich;Schweizer*in;8735
2016;weiblich;Ausländer*in;9405
2016;weiblich;Schweizer*in;8709
2017;männlich;Ausländer*in;11549
2017;männlich;Schweizer*in;8652
2017;weiblich;Ausländer*in;9080
2017;weiblich;Schweizer*in;8406
2018;männlich;Ausländer*in;12259
2018;männlich;Schweizer*in;8836
2018;weiblich;Ausländer*in;9669
2018;weiblich;Schweizer*in;8784
2019;männlich;Ausländer*in;12137
2019;männlich;Schweizer*in;8883
2019;weiblich;Ausländer*in;9516
2019;weiblich;Schweizer*in;8771
2020;männlich;Ausländer*in;11472
2020;männlich;Schweizer*in;9441
2020;weiblich;Ausländer*in;9224
2020;weiblich;Schweizer*in;9386
2021;männlich;Ausländer*in;11575
2021;männlich;Schweizer*in;9665
2021;weiblich;Ausländer*in;9104
2021;weiblich;Schweizer*in;9375
2022;männlich;Ausländer*in;11933
2022;männlich;Schweizer*in;8842
2022;weiblich;Ausländer*in;9656
2022;weiblich;Schweizer*in;8871
2023;männlich;Ausländer*in;12232
2023;männlich;Schweizer*in;8447
2023;weiblich;Ausländer*in;9714
2023;weiblich;Schweizer*in;8592
